Muestra	Pragmático.N	Reflexivo.N	Activo.N	Teórico.N	Pragmático	Reflexivo	Activo	Teórico	Marca_temporal	Pograma	Universidad	área_estudio	nivel_académico	etapa_estudio	institución_escolar	preuniversitario	multi_carrera	desempeño_anterior	trabaja	experiencia_laboral	edad	edad2	tecnológico	tecnológico2	origen_geo	territorio	movilidad	lengua	idiomas	etnia	religión	nivel_socioeconómico	nivel_socioeconómico2	clase_social	func_física	func_cognitiva	func_cognitiva2	género	sexo	orientación_sexual	motivación	objetivo	proyección	estilo_VARK	1. ¿Cuál es el resultado de tu preferencia de aprendizaje según el cuestionario?
M1	15	15	13	13	Moderada	Baja	Moderada	Baja	2026/01/29 5:15:28 p. m. GMT-4	Ingeniería Industrial	UCSM	Ingenierías y Tecnologías	Pregrado (o grado universitario)	Al final	Privado	No	No	Tercio medio	No	No	Estudiante universitario joven (16-24 años)	16-24 años	Nivel intermedio: Manejo adecuado de información y recursos digitales	Intermedio	Local (región de Arequipa)	Zona urbana	Sin experiencia de movilidad	Español	Monolingüe	Blanco	Teísta	Nivel B: Ingreso familiar entre S/5,000 y S/25,000	Nivel B	Clase media	Funcionalidad física típica (sin discapacidad)	Funcionalidad cognitiva típica (sin discapacidad)	Típica	Mujer	Femenino	Heterosexual	La carrera que elegí corresponde a mis intereses o pasiones personales (orientación vocacional).	Adquirir conocimientos.	Quiero continuar con posgrados o especializaciones (estudios avanzados).	VARK	Multimodal (VARK)
M2	13	17	13	15	Moderada	Moderada	Moderada	Moderada	2026/01/29 9:23:07 p. m. GMT-4	UCSP	UCSM	Ingenierías y Tecnologías	Pregrado (o grado universitario)	Al final	Privado	No	No	Tercio medio	Sí	Sí	Estudiante universitario de mediana edad (25-39 años)	25-39 años	Nivel intermedio: Manejo adecuado de información y recursos digitales	Intermedio	Local (región de Arequipa)	Zona urbana	Sin experiencia de movilidad	Español	Bilingüe	Blanco	Catolicismo	Nivel B: Ingreso familiar entre S/5,000 y S/25,000	Nivel B	Clase media	Funcionalidad física típica (sin discapacidad)	Funcionalidad cognitiva típica (sin discapacidad)	Típica	Mujer	Femenino	Heterosexual	Obtener mejores oportunidades laborales o económicas (expectativa de beneficio económico o laboral).	Usar esta formación para acceder a posgrados o especializaciones.	Quiero continuar con posgrados o especializaciones (estudios avanzados).	VAK	Multimodal (VAK)
M3	12	16	9	15	Baja	Moderada	Baja	Moderada	2026/03/19 12:45:28 p. m. GMT-4	Medicina Humana	UCSM	Ciencias de la salud	Pregrado (o grado universitario)	Al inicio	Público	Sí	No	Tercio medio	No	No	Estudiante universitario joven (16-24 años)	16-24 años	Nivel intermedio: Manejo adecuado de información y recursos digitales	Intermedio	Local (región de Arequipa)	Zona urbana	Sin experiencia de movilidad	Español	Monolingüe	Mestizo	Catolicismo	Nivel C: Ingreso familiar entre S/3,000 y S/5,000	Nivel C	Clase media	Funcionalidad física típica (sin discapacidad)	Funcionalidad cognitiva típica (sin discapacidad)	Típica	Mujer	Femenino	Heterosexual	La carrera que elegí corresponde a mis intereses o pasiones personales (orientación vocacional).	Adquirir conocimientos.	Quiero desarrollarme y destacar en mi carrera (realización profesional).	K fuerte	Kinestésico, fuerte
M4	18	14	16	11	Alta	Baja	Alta	Muy baja	2026/03/19 12:47:44 p. m. GMT-4	Ingeniería ambiental 	UCSM	Ingenierías y Tecnologías	Pregrado (o grado universitario)	Al inicio	Privado	Sí	No	Tercio medio	No	Sí	Estudiante universitario joven (16-24 años)	16-24 años	Nivel intermedio: Manejo adecuado de información y recursos digitales	Intermedio	Local (región de Arequipa)	Zona urbana	Sin experiencia de movilidad	Español	Monolingüe	Indígena Aymara	Catolicismo	Nivel B: Ingreso familiar entre S/5,000 y S/25,000	Nivel B	Clase media	Funcionalidad física típica (sin discapacidad)	Dislexia	Dislexia	Hombre	Masculino	Homosexual (gay, lesbiana)	Obtener mejores oportunidades laborales o económicas (expectativa de beneficio económico o laboral).	Obtener buenas calificaciones.	Quiero desarrollarme y destacar en mi carrera (realización profesional).	V muy fuerte	Visual, muy fuerte
M5	20	20	20	19	Muy alta	Muy alta	Muy alta	Muy alta	2026/03/19 1:03:06 p. m. GMT-4	Odontología	UCSM	Ciencias de la salud	Pregrado (o grado universitario)	Al medio	Público	Sí	No	Tercio medio	No	Sí	Estudiante universitario joven (16-24 años)	16-24 años	Nivel bajo: Conocimiento y manejo limitado de herramientas digitales	Bajo	Nacional (otras regiones de Perú)	Zona rural	Movilidad local (a otra provincia de la región de Arequipa)	Español	Bilingüe	Mestizo	Catolicismo	Nivel E: Ingreso familiar menor a S/1,300	Nivel E	Subclase o clase popular	Funcionalidad física típica (sin discapacidad)	Funcionalidad cognitiva típica (sin discapacidad)	Típica	Mujer	Femenino	Heterosexual	Evitar el desempleo o quedarme rezagado frente a mis pares (evitar consecuencias negativas).	Adquirir conocimientos.	Quiero desarrollarme y destacar en mi carrera (realización profesional).	R media	Lectura/Escritura, media
M6	15	18	6	11	Moderada	Alta	Muy baja	Muy baja	2026/03/19 1:13:06 p. m. GMT-4	Ing. Mecatrónica 	UCSM	Ingenierías y Tecnologías	Pregrado (o grado universitario)	Al inicio	Privado	No	No	Tercio superior	No	Sí	Estudiante universitario joven (16-24 años)	16-24 años	Nivel alto: Dominio avanzado de competencias digitales	Alto	Local (región de Arequipa)	Zona rural	Sin experiencia de movilidad	Español	Multilingüe	Mestizo	Catolicismo	Nivel B: Ingreso familiar entre S/5,000 y S/25,000	Nivel B	Clase media	Funcionalidad física típica (sin discapacidad)	Funcionalidad cognitiva típica (sin discapacidad)	Típica	Hombre	Masculino	Heterosexual	Superación personal y alcanzar metas propias.	Adquirir conocimientos.	Quiero equilibrio entre trabajo, familia y salud (equilibrio vida-trabajo).	VK	Multimodal (VK)
M7	16	12	15	16	Moderada	Muy baja	Alta	Moderada	2026/03/19 1:35:08 p. m. GMT-4	Pregrado	UCSM	Ingenierías y Tecnologías	Pregrado (o grado universitario)	Al inicio	Privado	No	No	Tercio superior	Sí	Sí	Estudiante universitario joven (16-24 años)	16-24 años	Nivel intermedio: Manejo adecuado de información y recursos digitales	Intermedio	Local (región de Arequipa)	Zona urbana	Sin experiencia de movilidad	Español	Bilingüe	Mestizo	Catolicismo	Nivel B: Ingreso familiar entre S/5,000 y S/25,000	Nivel B	Clase media	Funcionalidad física típica (sin discapacidad)	Funcionalidad cognitiva típica (sin discapacidad)	Típica	Mujer	Femenino	Bisexual	Superación personal y alcanzar metas propias.	Recibir distinciones o premios académicos.	Quiero vivir, estudiar o trabajar en otros países (experiencia internacional).	VARK	Multimodal (VARK)
M8	10	17	10	15	Muy baja	Moderada	Moderada	Moderada	2026/03/19 1:37:51 p. m. GMT-4	Pregrado	UCSM	Ingenierías y Tecnologías	Pregrado (o grado universitario)	Al inicio	Público	No	No	Tercio superior	No	Sí	Estudiante universitario joven (16-24 años)	16-24 años	Nivel intermedio: Manejo adecuado de información y recursos digitales	Intermedio	Local (región de Arequipa)	Zona urbana	Sin experiencia de movilidad	Español	Monolingüe	Mestizo	Catolicismo	Nivel D: Ingreso familiar entre S/1,300 y S/3,000	Nivel D	Clase media	Funcionalidad física típica (sin discapacidad)	Funcionalidad cognitiva típica (sin discapacidad)	Típica	Mujer	Femenino	Heterosexual	Interés en aprender y descubrir cosas nuevas (orientación al conocimiento).	Adquirir conocimientos.	Quiero equilibrio entre trabajo, familia y salud (equilibrio vida-trabajo).	A fuerte	Auditivo, fuerte
M9	13	20	4	18	Moderada	Muy alta	Muy baja	Alta	2026/03/19 1:38:51 p. m. GMT-4	Pregrado	UCSM	Ingenierías y Tecnologías	Pregrado (o grado universitario)	Al inicio	Privado	No	No	Tercio superior	No	No	Estudiante universitario joven (16-24 años)	16-24 años	Nivel alto: Dominio avanzado de competencias digitales	Alto	Local (región de Arequipa)	Zona urbana	Sin experiencia de movilidad	Español	Monolingüe	Mestizo	Catolicismo	Nivel B: Ingreso familiar entre S/5,000 y S/25,000	Nivel B	Clase media	Limitaciones visuales	Dislexia	Dislexia	Mujer	Femenino	Bisexual	Obtener mejores oportunidades laborales o económicas (expectativa de beneficio económico o laboral).	Usar esta formación para acceder a posgrados o especializaciones.	Quiero continuar con posgrados o especializaciones (estudios avanzados).	K fuerte	Kinestésico, fuerte
M10	17	16	12	17	Alta	Moderada	Moderada	Alta	2026/03/19 1:40:28 p. m. GMT-4	Pre-grado	UCSM	Ingenierías y Tecnologías	Pregrado (o grado universitario)	Al inicio	Privado	Sí	No	Tercio superior	No	Sí	Estudiante universitario joven (16-24 años)	16-24 años	Nivel alto: Dominio avanzado de competencias digitales	Alto	Local (región de Arequipa)	Zona urbana	Sin experiencia de movilidad	Español	Bilingüe	Mestizo	Catolicismo	Nivel C: Ingreso familiar entre S/3,000 y S/5,000	Nivel C	Clase media	Limitaciones visuales	Funcionalidad cognitiva típica (sin discapacidad)	Típica	Mujer	Femenino	Heterosexual	La carrera que elegí corresponde a mis intereses o pasiones personales (orientación vocacional).	Adquirir conocimientos.	Quiero crear mi propio proyecto o empresa (emprendimiento).	VK	Multimodal (VK)
M11	15	17	12	13	Moderada	Moderada	Moderada	Baja	2026/03/20 10:58:59 a. m. GMT-4	Psicología 	UCSM	Ciencias sociales y humanidades	Pregrado (o grado universitario)	Al medio	Público	Sí	No	Tercio superior	No	No	Estudiante universitario joven (16-24 años)	16-24 años	Nivel intermedio: Manejo adecuado de información y recursos digitales	Intermedio	Local (región de Arequipa)	Zona urbana	Sin experiencia de movilidad	Español	Bilingüe	Mestizo	Catolicismo	Nivel B: Ingreso familiar entre S/5,000 y S/25,000	Nivel B	Clase trabajadora	Limitaciones visuales	Funcionalidad cognitiva típica (sin discapacidad)	Típica	Hombre	Masculino	Heterosexual	Interés en aprender y descubrir cosas nuevas (orientación al conocimiento).	Obtener buenas calificaciones.	Quiero continuar con posgrados o especializaciones (estudios avanzados).	VARK	Multimodal (VARK)
M12	12	16	14	14	Baja	Moderada	Alta	Moderada	2026/03/21 4:41:30 p. m. GMT-4	Comunicación social 	UCSM	Ciencias sociales y humanidades	Pregrado (o grado universitario)	Al medio	Privado	Sí	No	Tercio medio	No	Sí	Estudiante universitario joven (16-24 años)	16-24 años	Nivel intermedio: Manejo adecuado de información y recursos digitales	Intermedio	Nacional (otras regiones de Perú)	Zona urbana	Movilidad nacional (a otra región o ciudad de Perú)	Español	Bilingüe	Mestizo	Catolicismo	Nivel C: Ingreso familiar entre S/3,000 y S/5,000	Nivel C	Clase media	Limitaciones visuales	Funcionalidad cognitiva típica (sin discapacidad)	Típica	Hombre	Masculino	Heterosexual	Obtener mejores oportunidades laborales o económicas (expectativa de beneficio económico o laboral).	Hacer vínculos y contactos útiles.	Quiero vivir, estudiar o trabajar en otros países (experiencia internacional).	AK	Multimodal (AK)
M13	13	19	12	15	Moderada	Alta	Moderada	Moderada	2026/03/24 12:54:54 p. m. GMT-4	Ing de Sistemas	UCSM	Ingenierías y Tecnologías	Pregrado (o grado universitario)	Al inicio	Privado	No	No	Tercio medio	No	No	Estudiante universitario joven (16-24 años)	16-24 años	Nivel intermedio: Manejo adecuado de información y recursos digitales	Intermedio	Local (región de Arequipa)	Zona rural	Movilidad local (a otra provincia de la región de Arequipa)	Español	Monolingüe	Indígena Aymara	Catolicismo	Nivel B: Ingreso familiar entre S/5,000 y S/25,000	Nivel B	Clase trabajadora	Funcionalidad física típica (sin discapacidad)	Funcionalidad cognitiva típica (sin discapacidad)	Típica	Mujer	Femenino	Heterosexual	Interés en aprender y descubrir cosas nuevas (orientación al conocimiento).	Usar esta formación para acceder a posgrados o especializaciones.	Quiero equilibrio entre trabajo, familia y salud (equilibrio vida-trabajo).	A media	Auditivo, media
M14	18	16	9	12	Alta	Moderada	Baja	Baja	2026/03/24 1:23:34 p. m. GMT-4	Ingeniería Biotecnológica 	UCSM	Ciencias de la salud	Pregrado (o grado universitario)	Al inicio	Público	No	No	Tercio superior	No	No	Estudiante universitario joven (16-24 años)	16-24 años	Nivel bajo: Conocimiento y manejo limitado de herramientas digitales	Bajo	Local (región de Arequipa)	Zona urbana	Movilidad local (a otra provincia de la región de Arequipa)	Español	Bilingüe	Mestizo	Deísmo	Nivel B: Ingreso familiar entre S/5,000 y S/25,000	Nivel B	Clase trabajadora	Funcionalidad física típica (sin discapacidad)	Funcionalidad cognitiva típica (sin discapacidad)	Típica	Mujer	Femenino	Pansexual	Interés en aprender y descubrir cosas nuevas (orientación al conocimiento).	Adquirir conocimientos.	Quiero desarrollarme y destacar en mi carrera (realización profesional).	K fuerte	Kinestésico, fuerte
M15	15	16	13	19	Moderada	Moderada	Moderada	Muy alta	2026/03/24 1:26:05 p. m. GMT-4	Enfermería 	UCSM	Ciencias de la salud	Pregrado (o grado universitario)	Al inicio	Público	Sí	No	Tercio superior	No	Sí	Estudiante universitario joven (16-24 años)	16-24 años	Nivel intermedio: Manejo adecuado de información y recursos digitales	Intermedio	Local (región de Arequipa)	Zona urbana	Sin experiencia de movilidad	Español	Monolingüe	Blanco	Cristianismo	Nivel B: Ingreso familiar entre S/5,000 y S/25,000	Nivel B	Clase media	Funcionalidad física típica (sin discapacidad)	Funcionalidad cognitiva típica (sin discapacidad)	Típica	Mujer	Femenino	Heterosexual	La carrera que elegí corresponde a mis intereses o pasiones personales (orientación vocacional).	Recibir distinciones o premios académicos.	Quiero continuar con posgrados o especializaciones (estudios avanzados).	V fuerte	Visual, fuerte
M16	13	16	10	12	Moderada	Moderada	Moderada	Baja	2026/03/24 1:26:29 p. m. GMT-4	Farmacia y bioquímica 	UCSM	Ciencias de la salud	Pregrado (o grado universitario)	Al medio	Privado	Sí	No	Tercio superior	No	No	Estudiante universitario joven (16-24 años)	16-24 años	Nivel intermedio: Manejo adecuado de información y recursos digitales	Intermedio	Local (región de Arequipa)	Zona urbana	Sin experiencia de movilidad	Español	Multilingüe	Mestizo	Cristianismo	Nivel C: Ingreso familiar entre S/3,000 y S/5,000	Nivel C	Clase media	Funcionalidad física típica (sin discapacidad)	Funcionalidad cognitiva típica (sin discapacidad)	Típica	Hombre	Masculino	Heterosexual	La carrera que elegí corresponde a mis intereses o pasiones personales (orientación vocacional).	Adquirir conocimientos.	Quiero desarrollarme y destacar en mi carrera (realización profesional).	V fuerte	Visual, fuerte
M17	12	13	15	13	Baja	Baja	Alta	Baja	2026/03/24 1:36:36 p. m. GMT-4	Enfermería 	UCSM	Ciencias de la salud	Pregrado (o grado universitario)	Al inicio	Privado	Sí	Sí	Tercio medio	No	No	Estudiante universitario joven (16-24 años)	16-24 años	Nivel intermedio: Manejo adecuado de información y recursos digitales	Intermedio	Local (región de Arequipa)	Zona urbana	Sin experiencia de movilidad	Español	Bilingüe	Mestizo	Catolicismo	Nivel C: Ingreso familiar entre S/3,000 y S/5,000	Nivel C	Clase media	Funcionalidad física típica (sin discapacidad)	Dislexia	Dislexia	Mujer	Femenino	Heterosexual	La carrera que elegí corresponde a mis intereses o pasiones personales (orientación vocacional).	Usar esta formación para acceder a posgrados o especializaciones.	Quiero equilibrio entre trabajo, familia y salud (equilibrio vida-trabajo).	K muy fuerte	Kinestésico, muy fuerte
M18	16	14	15	16	Moderada	Baja	Alta	Moderada	2026/03/24 1:37:58 p. m. GMT-4	Odontologia 	UCSM	Ciencias de la salud	Pregrado (o grado universitario)	Al final	Privado	Sí	No	Tercio superior	Sí	No	Estudiante universitario joven (16-24 años)	16-24 años	Nivel intermedio: Manejo adecuado de información y recursos digitales	Intermedio	Local (región de Arequipa)	Zona urbana	Sin experiencia de movilidad	Español	Bilingüe	Mestizo	Catolicismo	Nivel B: Ingreso familiar entre S/5,000 y S/25,000	Nivel B	Clase media	Funcionalidad física típica (sin discapacidad)	Trastorno por déficit de atención con hiperactividad (TDAH)	TDAH	Mujer	Femenino	Bisexual	Influencia o expectativas de mi familia o entorno social.	Usar esta formación para acceder a posgrados o especializaciones.	Quiero continuar con posgrados o especializaciones (estudios avanzados).	VARK	Multimodal (VARK)
M19	12	13	16	13	Baja	Baja	Alta	Baja	2026/03/24 1:38:08 p. m. GMT-4	Ingeneria Comercial	UCSM	Ciencias económicas, administrativas y empresariales	Pregrado (o grado universitario)	Al inicio	Privado	No	No	Tercio medio	No	No	Estudiante universitario joven (16-24 años)	16-24 años	Nivel intermedio: Manejo adecuado de información y recursos digitales	Intermedio	Local (región de Arequipa)	Zona urbana	Sin experiencia de movilidad	Español	Bilingüe	Mestizo	Catolicismo	Nivel C: Ingreso familiar entre S/3,000 y S/5,000	Nivel C	Clase media	Funcionalidad física típica (sin discapacidad)	Dislexia	Dislexia	Mujer	Femenino	Heterosexual	Interés en aprender y descubrir cosas nuevas (orientación al conocimiento).	Adquirir conocimientos.	Quiero desarrollarme y destacar en mi carrera (realización profesional).	V media	Visual, media
M20	14	12	16	13	Moderada	Muy baja	Alta	Baja	2026/03/24 1:51:15 p. m. GMT-4	Odontología 	UCSM	Ciencias de la salud	Pregrado (o grado universitario)	Al final	Privado	Sí	No	Tercio medio	No	No	Estudiante universitario de mediana edad (25-39 años)	25-39 años	Nivel intermedio: Manejo adecuado de información y recursos digitales	Intermedio	Nacional (otras regiones de Perú)	Zona urbana	Movilidad nacional (a otra región o ciudad de Perú)	Español	Bilingüe	Mestizo	Catolicismo	Nivel B: Ingreso familiar entre S/5,000 y S/25,000	Nivel B	Clase media	Limitaciones visuales	Funcionalidad cognitiva típica (sin discapacidad)	Típica	Hombre	Masculino	Heterosexual	Influencia o expectativas de mi familia o entorno social.	Evitar reprobar materias o abandonar los estudios.	Quiero estabilidad material y financiera (seguridad económica).	V muy fuerte	Visual, muy fuerte
M21	9	15	8	13	Muy baja	Baja	Baja	Baja	2026/03/24 1:55:01 p. m. GMT-4	Ingeniería de sistemas 	UCSM	Ingenierías y Tecnologías	Pregrado (o grado universitario)	Al medio	Privado	No	No	Tercio medio	No	No	Estudiante universitario joven (16-24 años)	16-24 años	Nivel intermedio: Manejo adecuado de información y recursos digitales	Intermedio	Nacional (otras regiones de Perú)	Zona urbana	Movilidad internacional (a otro país)	Aimara	Monolingüe	Mestizo	Catolicismo	Nivel C: Ingreso familiar entre S/3,000 y S/5,000	Nivel C	Clase media	Limitaciones visuales	Funcionalidad cognitiva típica (sin discapacidad)	Típica	Hombre	Masculino	Heterosexual	La carrera que elegí corresponde a mis intereses o pasiones personales (orientación vocacional).	Adquirir conocimientos.	Quiero desarrollarme y destacar en mi carrera (realización profesional).	A fuerte	Auditivo, fuerte
M22	19	15	11	16	Muy alta	Baja	Moderada	Moderada	2026/03/24 2:08:57 p. m. GMT-4	Farmacia y Bioquímica	UCSM	Ciencias de la salud	Pregrado (o grado universitario)	Al final	Privado	Sí	No	Tercio superior	No	Sí	Estudiante universitario joven (16-24 años)	16-24 años	Nivel alto: Dominio avanzado de competencias digitales	Alto	Nacional (otras regiones de Perú)	Zona urbana	Sin experiencia de movilidad	Español	Bilingüe	Mestizo	Agnosticismo	Nivel D: Ingreso familiar entre S/1,300 y S/3,000	Nivel D	Clase trabajadora	Limitaciones visuales	Funcionalidad cognitiva típica (sin discapacidad)	Típica	Hombre	Masculino	Heterosexual	Obtener mejores oportunidades laborales o económicas (expectativa de beneficio económico o laboral).	Adquirir conocimientos.	Quiero crear mi propio proyecto o empresa (emprendimiento).	V fuerte	Visual, fuerte
M23	18	15	11	15	Alta	Baja	Moderada	Moderada	2026/03/24 2:09:28 p. m. GMT-4	Farmacia y Bioquímica	UCSM	Ciencias de la salud	Pregrado (o grado universitario)	Al final	Privado	No	No	Tercio superior	No	No	Estudiante universitario joven (16-24 años)	16-24 años	Nivel intermedio: Manejo adecuado de información y recursos digitales	Intermedio	Local (región de Arequipa)	Zona urbana	Movilidad local (a otra provincia de la región de Arequipa)	Español	Bilingüe	Mestizo	Agnosticismo	Nivel C: Ingreso familiar entre S/3,000 y S/5,000	Nivel C	Clase media	Funcionalidad física típica (sin discapacidad)	Funcionalidad cognitiva típica (sin discapacidad)	Típica	Mujer	Femenino	Heterosexual	La carrera que elegí corresponde a mis intereses o pasiones personales (orientación vocacional).	Usar esta formación para acceder a posgrados o especializaciones.	Quiero estabilidad material y financiera (seguridad económica).	A muy fuerte	Auditivo, muy fuerte
M24	15	15	11	14	Moderada	Baja	Moderada	Moderada	2026/03/24 2:40:11 p. m. GMT-4	Derecho 	UCSM	Ciencias económicas, administrativas y empresariales	Pregrado (o grado universitario)	Al inicio	Privado	No	No	Tercio medio	No	No	Estudiante universitario joven (16-24 años)	16-24 años	Nivel bajo: Conocimiento y manejo limitado de herramientas digitales	Bajo	Nacional (otras regiones de Perú)	Capital de país	Movilidad nacional (a otra región o ciudad de Perú)	Español	Monolingüe	Otro o ninguno	Catolicismo	Nivel B: Ingreso familiar entre S/5,000 y S/25,000	Nivel B	Clase media	Funcionalidad física típica (sin discapacidad)	Funcionalidad cognitiva típica (sin discapacidad)	Típica	Mujer	Femenino	Heterosexual	La carrera que elegí corresponde a mis intereses o pasiones personales (orientación vocacional).	Recibir distinciones o premios académicos.	Quiero crear mi propio proyecto o empresa (emprendimiento).	A fuerte	Auditivo, fuerte
M25	16	16	17	16	Moderada	Moderada	Alta	Moderada	2026/03/24 3:31:28 p. m. GMT-4	Derecho 	UCSM	Ciencias sociales y humanidades	Pregrado (o grado universitario)	Al inicio	Público	No	No	Tercio medio	No	Sí	Estudiante universitario joven (16-24 años)	16-24 años	Nivel intermedio: Manejo adecuado de información y recursos digitales	Intermedio	Nacional (otras regiones de Perú)	Zona urbana	Movilidad nacional (a otra región o ciudad de Perú)	Español	Monolingüe	Mestizo	Catolicismo	Nivel B: Ingreso familiar entre S/5,000 y S/25,000	Nivel B	Clase media	Funcionalidad física típica (sin discapacidad)	Funcionalidad cognitiva típica (sin discapacidad)	Típica	Hombre	Masculino	Heterosexual	Lograr mayor reconocimiento social o prestigio profesional.	Adquirir conocimientos.	Quiero continuar con posgrados o especializaciones (estudios avanzados).	V media	Visual, media
M26	17	19	17	15	Alta	Alta	Alta	Moderada	2026/03/24 3:32:02 p. m. GMT-4	Publicidad y Multimedia 	UCSM	Ciencias sociales y humanidades	Pregrado (o grado universitario)	Al final	Privado	Sí	No	Tercio medio	Sí	Sí	Estudiante universitario joven (16-24 años)	16-24 años	Nivel intermedio: Manejo adecuado de información y recursos digitales	Intermedio	Local (región de Arequipa)	Zona urbana	Sin experiencia de movilidad	Español	Monolingüe	Mestizo	Catolicismo	Nivel B: Ingreso familiar entre S/5,000 y S/25,000	Nivel B	Clase media	Funcionalidad física típica (sin discapacidad)	Funcionalidad cognitiva típica (sin discapacidad)	Típica	Hombre	Masculino	Heterosexual	La carrera que elegí corresponde a mis intereses o pasiones personales (orientación vocacional).	Adquirir conocimientos.	Quiero crear mi propio proyecto o empresa (emprendimiento).	R fuerte	Lectura/Escritura, fuerte
M27	12	18	8	13	Baja	Alta	Baja	Baja	2026/03/24 3:33:13 p. m. GMT-4	Derecho 	UCSM	Ciencias sociales y humanidades	Pregrado (o grado universitario)	Al final	Privado	Sí	No	Tercio medio	No	No	Estudiante universitario joven (16-24 años)	16-24 años	Nivel intermedio: Manejo adecuado de información y recursos digitales	Intermedio	Local (región de Arequipa)	Zona urbana	Movilidad local (a otra provincia de la región de Arequipa)	Español	Monolingüe	Mestizo	Catolicismo	Nivel D: Ingreso familiar entre S/1,300 y S/3,000	Nivel D	Clase trabajadora	Funcionalidad física típica (sin discapacidad)	Funcionalidad cognitiva típica (sin discapacidad)	Típica	Hombre	Masculino	Heterosexual	Interés en aprender y descubrir cosas nuevas (orientación al conocimiento).	Adquirir conocimientos.	Quiero vivir, estudiar o trabajar en otros países (experiencia internacional).	V fuerte	Visual, fuerte
M28	14	14	10	11	Moderada	Baja	Moderada	Muy baja	2026/03/24 3:35:52 p. m. GMT-4	Farmacia y bioquímica y biotecnología 	UCSM	Ciencias de la salud	Pregrado (o grado universitario)	Al medio	Privado	Sí	No	Tercio medio	No	Sí	Estudiante universitario joven (16-24 años)	16-24 años	Nivel intermedio: Manejo adecuado de información y recursos digitales	Intermedio	Local (región de Arequipa)	Capital de país	Sin experiencia de movilidad	Español	Bilingüe	Mestizo	Catolicismo	Nivel B: Ingreso familiar entre S/5,000 y S/25,000	Nivel B	Clase media	Funcionalidad física típica (sin discapacidad)	Trastorno por déficit de atención con hiperactividad (TDAH)	TDAH	Hombre	Masculino	Heterosexual	Interés en aprender y descubrir cosas nuevas (orientación al conocimiento).	Recibir distinciones o premios académicos.	Quiero continuar con posgrados o especializaciones (estudios avanzados).	A media	Auditivo, media
M29	9	12	9	9	Muy baja	Muy baja	Baja	Muy baja	2026/03/24 3:36:01 p. m. GMT-4	administración de empresas	UCSM	Ciencias sociales y humanidades	Pregrado (o grado universitario)	Al medio	Privado	No	Sí	Tercio superior	No	Sí	Estudiante universitario joven (16-24 años)	16-24 años	Nivel intermedio: Manejo adecuado de información y recursos digitales	Intermedio	Local (región de Arequipa)	Zona urbana	Sin experiencia de movilidad	Español	Bilingüe	Mestizo	Catolicismo	Nivel C: Ingreso familiar entre S/3,000 y S/5,000	Nivel C	Clase media	Funcionalidad física típica (sin discapacidad)	Dislexia	Dislexia	Hombre	Femenino	Bisexual	Obtener mejores oportunidades laborales o económicas (expectativa de beneficio económico o laboral).	Evitar reprobar materias o abandonar los estudios.	Quiero crear mi propio proyecto o empresa (emprendimiento).	R muy fuerte	Lectura/Escritura, muy fuerte
M30	14	18	3	19	Moderada	Alta	Muy baja	Muy alta	2026/03/24 3:44:34 p. m. GMT-4	Ingeniería Industrial 	UCSM	Ingenierías y Tecnologías	Pregrado (o grado universitario)	Al medio	Privado	Sí	Sí	Tercio superior	No	No	Estudiante universitario joven (16-24 años)	16-24 años	Nivel intermedio: Manejo adecuado de información y recursos digitales	Intermedio	Local (región de Arequipa)	Zona urbana	Sin experiencia de movilidad	Español	Bilingüe	Mestizo	Catolicismo	Nivel C: Ingreso familiar entre S/3,000 y S/5,000	Nivel C	Clase trabajadora	Funcionalidad física típica (sin discapacidad)	Trastorno del espectro autista (TEA)	TEA	Mujer	Femenino	Heterosexual	Influencia o expectativas de mi familia o entorno social.	Usar esta formación para acceder a posgrados o especializaciones.	Quiero vivir, estudiar o trabajar en otros países (experiencia internacional).	VAK	Multimodal (VAK)
M31	15	19	10	16	Moderada	Alta	Moderada	Moderada	2026/03/24 3:50:20 p. m. GMT-4	Publicidad y Multimedia	UCSM	Ciencias sociales y humanidades	Pregrado (o grado universitario)	Al medio	Privado	No	No	Tercio superior	No	Sí	Estudiante universitario joven (16-24 años)	16-24 años	Nivel intermedio: Manejo adecuado de información y recursos digitales	Intermedio	Local (región de Arequipa)	Zona urbana	Sin experiencia de movilidad	Español	Bilingüe	Blanco	Catolicismo	Nivel A: Ingreso familiar mayor a S/25,000 mensuales	Nivel A	Clase alta (burguesía)	Funcionalidad física típica (sin discapacidad)	Funcionalidad cognitiva típica (sin discapacidad)	Típica	Hombre	Masculino	Heterosexual	Obtener mejores oportunidades laborales o económicas (expectativa de beneficio económico o laboral).	Evitar reprobar materias o abandonar los estudios.	Quiero estabilidad material y financiera (seguridad económica).	VARK	Multimodal (VARK)
M32	16	11	10	16	Moderada	Muy baja	Moderada	Moderada	2026/03/24 3:52:55 p. m. GMT-4	Publicidad y multimedia	UCSM	Ciencias sociales y humanidades	Pregrado (o grado universitario)	Al medio	Privado	Sí	Sí	Tercio superior	No	No	Estudiante universitario joven (16-24 años)	16-24 años	Nivel alto: Dominio avanzado de competencias digitales	Alto	Nacional (otras regiones de Perú)	Zona urbana	Sin experiencia de movilidad	Español	Monolingüe	Mestizo	Catolicismo	Nivel B: Ingreso familiar entre S/5,000 y S/25,000	Nivel B	Clase media	Funcionalidad física típica (sin discapacidad)	Trastorno por déficit de atención con hiperactividad (TDAH)	TDAH	Mujer	Femenino	Heterosexual	La carrera que elegí corresponde a mis intereses o pasiones personales (orientación vocacional).	Hacer vínculos y contactos útiles.	Quiero estabilidad material y financiera (seguridad económica).	K muy fuerte	Kinestésico, muy fuerte
M33	14	18	15	17	Moderada	Alta	Alta	Alta	2026/03/24 3:53:56 p. m. GMT-4	Oublicidad Y multimedia 	UCSM	Ciencias sociales y humanidades	Pregrado (o grado universitario)	Al medio	Privado	No	No	Tercio medio	Sí	Sí	Estudiante universitario joven (16-24 años)	16-24 años	Nivel intermedio: Manejo adecuado de información y recursos digitales	Intermedio	Local (región de Arequipa)	Zona urbana	Movilidad nacional (a otra región o ciudad de Perú)	Español	Monolingüe	Mestizo	Deísmo	Nivel C: Ingreso familiar entre S/3,000 y S/5,000	Nivel C	Clase trabajadora	Limitaciones visuales	Trastorno por déficit de atención con hiperactividad (TDAH)	TDAH	Hombre	Masculino	Heterosexual	La carrera que elegí corresponde a mis intereses o pasiones personales (orientación vocacional).	Usar esta formación para acceder a posgrados o especializaciones.	Quiero equilibrio entre trabajo, familia y salud (equilibrio vida-trabajo).	AK	Multimodal (AK)
M34	14	17	15	17	Moderada	Moderada	Alta	Alta	2026/03/24 4:01:27 p. m. GMT-4	Farmacia y Bioquímica 	UCSM	Ciencias de la salud	Pregrado (o grado universitario)	Al medio	Público	Sí	No	Tercio superior	Sí	Sí	Estudiante universitario de mediana edad (25-39 años)	25-39 años	Nivel bajo: Conocimiento y manejo limitado de herramientas digitales	Bajo	Nacional (otras regiones de Perú)	Zona rural	Sin experiencia de movilidad	Español	Monolingüe	Mestizo	Catolicismo	Nivel E: Ingreso familiar menor a S/1,300	Nivel E	Subclase o clase popular	Limitaciones visuales	Otras formas de neurodiversidad	Otras	Mujer	Femenino	Heterosexual	La carrera que elegí corresponde a mis intereses o pasiones personales (orientación vocacional).	Adquirir conocimientos.	Quiero desarrollarme y destacar en mi carrera (realización profesional).	V media	Visual, media
M35	18	18	16	14	Alta	Alta	Alta	Moderada	2026/03/24 4:17:28 p. m. GMT-4	6to Ing Biotecnologica 	UCSM	Ciencias de la salud	Pregrado (o grado universitario)	Al medio	Privado	Sí	No	Tercio medio	Sí	Sí	Estudiante universitario joven (16-24 años)	16-24 años	Nivel intermedio: Manejo adecuado de información y recursos digitales	Intermedio	Local (región de Arequipa)	Zona urbana	Movilidad local (a otra provincia de la región de Arequipa)	Español	Bilingüe	Mestizo	Catolicismo	Nivel B: Ingreso familiar entre S/5,000 y S/25,000	Nivel B	Clase trabajadora	Funcionalidad física típica (sin discapacidad)	Funcionalidad cognitiva típica (sin discapacidad)	Típica	Hombre	Masculino	Heterosexual	Interés en aprender y descubrir cosas nuevas (orientación al conocimiento).	Adquirir conocimientos.	Quiero desarrollarme y destacar en mi carrera (realización profesional).	V media	Visual, media
M36	16	16	17	13	Moderada	Moderada	Alta	Baja	2026/03/24 4:24:22 p. m. GMT-4	Farmacia y bioquímica 	UCSM	Ciencias de la salud	Pregrado (o grado universitario)	Al inicio	Privado	No	No	Tercio medio	No	No	Estudiante universitario joven (16-24 años)	16-24 años	Nivel bajo: Conocimiento y manejo limitado de herramientas digitales	Bajo	Local (región de Arequipa)	Zona urbana	Movilidad local (a otra provincia de la región de Arequipa)	Español	Monolingüe	Mestizo	Catolicismo	Nivel D: Ingreso familiar entre S/1,300 y S/3,000	Nivel D	Clase media	Limitaciones visuales	Funcionalidad cognitiva típica (sin discapacidad)	Típica	Mujer	Femenino	Bisexual	La carrera que elegí corresponde a mis intereses o pasiones personales (orientación vocacional).	Evitar reprobar materias o abandonar los estudios.	Quiero vivir, estudiar o trabajar en otros países (experiencia internacional).	R media	Lectura/Escritura, media
M37	16	17	10	16	Moderada	Moderada	Moderada	Moderada	2026/03/24 4:24:43 p. m. GMT-4	INGENIERÍA BIOTECNOLÓGICA	UCSM	Ciencias de la salud	Pregrado (o grado universitario)	Al medio	Privado	Sí	Sí	Tercio superior	Sí	Sí	Estudiante universitario joven (16-24 años)	16-24 años	Nivel intermedio: Manejo adecuado de información y recursos digitales	Intermedio	Nacional (otras regiones de Perú)	Zona urbana	Sin experiencia de movilidad	Español	Bilingüe	Blanco	Catolicismo	Nivel C: Ingreso familiar entre S/3,000 y S/5,000	Nivel C	Clase media	Limitaciones visuales	Funcionalidad cognitiva típica (sin discapacidad)	Típica	Hombre	Masculino	Bisexual	Superación personal y alcanzar metas propias.	Hacer vínculos y contactos útiles.	Quiero vivir, estudiar o trabajar en otros países (experiencia internacional).	V muy fuerte	Visual, muy fuerte
M38	18	18	17	16	Alta	Alta	Alta	Moderada	2026/03/24 4:39:14 p. m. GMT-4	Farmacia y Bioquímica 	UCSM	Ciencias naturales y exactas	Pregrado (o grado universitario)	Al inicio	Público	Sí	No	Tercio superior	No	Sí	Estudiante universitario joven (16-24 años)	16-24 años	Nivel intermedio: Manejo adecuado de información y recursos digitales	Intermedio	Local (región de Arequipa)	Zona urbana	Movilidad local (a otra provincia de la región de Arequipa)	Español	Monolingüe	Mestizo	Catolicismo	Nivel E: Ingreso familiar menor a S/1,300	Nivel E	Clase alta (burguesía)	Movilidad reducida	Trastorno por déficit de atención con hiperactividad (TDAH)	TDAH	Mujer	Femenino	Heterosexual	La carrera que elegí corresponde a mis intereses o pasiones personales (orientación vocacional).	Obtener buenas calificaciones.	Quiero vivir, estudiar o trabajar en otros países (experiencia internacional).	A media	Auditivo, media
M39	20	20	17	19	Muy alta	Muy alta	Alta	Muy alta	2026/03/24 4:45:11 p. m. GMT-4	Farmacia y Bioquímica 	UCSM	Ciencias de la salud	Pregrado (o grado universitario)	Al medio	Privado	No	No	Tercio medio	No	No	Estudiante universitario joven (16-24 años)	16-24 años	Nivel intermedio: Manejo adecuado de información y recursos digitales	Intermedio	Local (región de Arequipa)	Zona urbana	Movilidad local (a otra provincia de la región de Arequipa)	Español	Monolingüe	Blanco	Catolicismo	Nivel C: Ingreso familiar entre S/3,000 y S/5,000	Nivel C	Clase media	Funcionalidad física típica (sin discapacidad)	Funcionalidad cognitiva típica (sin discapacidad)	Típica	Mujer	Femenino	Heterosexual	Interés en aprender y descubrir cosas nuevas (orientación al conocimiento).	Obtener buenas calificaciones.	Quiero crear mi propio proyecto o empresa (emprendimiento).	V media	Visual, media
M40	17	15	14	17	Alta	Baja	Alta	Alta	2026/03/24 4:57:23 p. m. GMT-4	Ingeniera Biotecnológica 	UCSM	Ciencias de la salud	Pregrado (o grado universitario)	Al medio	Privado	Sí	No	Tercio medio	No	No	Estudiante universitario joven (16-24 años)	16-24 años	Nivel intermedio: Manejo adecuado de información y recursos digitales	Intermedio	Nacional (otras regiones de Perú)	Zona urbana	Movilidad nacional (a otra región o ciudad de Perú)	Español	Bilingüe	Mestizo	Catolicismo	Nivel C: Ingreso familiar entre S/3,000 y S/5,000	Nivel C	Clase media	Funcionalidad física típica (sin discapacidad)	Funcionalidad cognitiva típica (sin discapacidad)	Típica	Hombre	Masculino	Heterosexual	Interés en aprender y descubrir cosas nuevas (orientación al conocimiento).	Adquirir conocimientos.	Quiero crear mi propio proyecto o empresa (emprendimiento).	V muy fuerte	Visual, muy fuerte
M41	17	15	17	17	Alta	Baja	Alta	Alta	2026/03/24 5:13:00 p. m. GMT-4	F y B 	UCSM	Ciencias de la salud	Pregrado (o grado universitario)	Al medio	Privado	No	No	Tercio inferior	No	Sí	Estudiante universitario joven (16-24 años)	16-24 años	Nivel intermedio: Manejo adecuado de información y recursos digitales	Intermedio	Nacional (otras regiones de Perú)	Zona urbana	Movilidad nacional (a otra región o ciudad de Perú)	Español	Monolingüe	Mestizo	No sabe	Nivel E: Ingreso familiar menor a S/1,300	Nivel E	Subclase o clase popular	Limitaciones auditivas	Trastorno por déficit de atención con hiperactividad (TDAH)	TDAH	Hombre	Masculino	Heterosexual	Superación personal y alcanzar metas propias.	Hacer vínculos y contactos útiles.	Quiero equilibrio entre trabajo, familia y salud (equilibrio vida-trabajo).	V media	Visual, media
M42	16	18	19	19	Moderada	Alta	Muy alta	Muy alta	2026/03/24 5:14:23 p. m. GMT-4	Farmacia y bioquímica 	UCSM	Ciencias de la salud	Pregrado (o grado universitario)	Al medio	Público	No	Sí	Tercio superior	No	Sí	Estudiante universitario joven (16-24 años)	16-24 años	Nivel alto: Dominio avanzado de competencias digitales	Alto	Local (región de Arequipa)	Capital de país	Movilidad local (a otra provincia de la región de Arequipa)	Español	Bilingüe	Mestizo		Nivel E: Ingreso familiar menor a S/1,300	Nivel E	Clase media	Movilidad reducida	Funcionalidad cognitiva típica (sin discapacidad)	Típica	Hombre	Femenino	Heterosexual	Interés en aprender y descubrir cosas nuevas (orientación al conocimiento).	Adquirir conocimientos.	Quiero desarrollarme y destacar en mi carrera (realización profesional).	VAR	Multimodal (VAR)
M43	20	20	19	20	Muy alta	Muy alta	Muy alta	Muy alta	2026/03/26 9:39:02 a. m. GMT-4	Farmacia y bioquimica	UCSM	Ciencias de la salud	Pregrado (o grado universitario)	Al medio	Público	Sí	No	Tercio medio	Sí	Sí	Estudiante universitario joven (16-24 años)	16-24 años	Nivel intermedio: Manejo adecuado de información y recursos digitales	Intermedio	Nacional (otras regiones de Perú)	Zona urbana	Movilidad local (a otra provincia de la región de Arequipa)	Español	Bilingüe	Indígena Quechua	Catolicismo	Nivel B: Ingreso familiar entre S/5,000 y S/25,000	Nivel B	Clase media	Funcionalidad física típica (sin discapacidad)	Dislexia	Dislexia	Mujer	Femenino	Heterosexual	Interés en aprender y descubrir cosas nuevas (orientación al conocimiento).	Adquirir conocimientos.	Quiero desarrollarme y destacar en mi carrera (realización profesional).	V fuerte	Visual, fuerte
M44	20	19	18	17	Muy alta	Alta	Muy alta	Alta	2026/03/26 10:18:12 a. m. GMT-4	Farmacia y Bioquímica 	UCSM	Ciencias de la salud	Pregrado (o grado universitario)	Al inicio	Privado	No	No	Tercio medio	Sí	Sí	Estudiante universitario joven (16-24 años)	16-24 años	Nivel intermedio: Manejo adecuado de información y recursos digitales	Intermedio	Local (región de Arequipa)	Zona urbana	Sin experiencia de movilidad	Español	Monolingüe	Mestizo	Catolicismo	Nivel A: Ingreso familiar mayor a S/25,000 mensuales	Nivel A	Clase media	Funcionalidad física típica (sin discapacidad)	Funcionalidad cognitiva típica (sin discapacidad)	Típica	Mujer	Femenino	Heterosexual	Lograr mayor reconocimiento social o prestigio profesional.	Adquirir conocimientos.	Quiero desarrollarme y destacar en mi carrera (realización profesional).	V muy fuerte	Visual, muy fuerte
M45	13	14	15	12	Moderada	Baja	Alta	Baja	2026/03/26 10:22:34 a. m. GMT-4	Farmacia y Bioquímica	UCSM	Ciencias de la salud	Pregrado (o grado universitario)	Al inicio	Público	No	No	Tercio medio	No	No	Estudiante universitario joven (16-24 años)	16-24 años	Nivel intermedio: Manejo adecuado de información y recursos digitales	Intermedio	Local (región de Arequipa)	Zona urbana	Movilidad local (a otra provincia de la región de Arequipa)	Español	Monolingüe	Mestizo	Catolicismo	Nivel D: Ingreso familiar entre S/1,300 y S/3,000	Nivel D	Clase media	Movilidad reducida	Funcionalidad cognitiva típica (sin discapacidad)	Típica	Mujer	Femenino	Heterosexual	Interés en aprender y descubrir cosas nuevas (orientación al conocimiento).	Usar esta formación para acceder a posgrados o especializaciones.	Quiero vivir, estudiar o trabajar en otros países (experiencia internacional).	R muy fuerte	Lectura/Escritura, muy fuerte
M46	11	15	17	11	Baja	Baja	Alta	Muy baja	2026/03/26 3:34:42 p. m. GMT-4	Ingeniería Biotecnológica 	UCSM	Ciencias de la salud	Pregrado (o grado universitario)	Al inicio	Público	No	No	Tercio medio	No	No	Estudiante universitario joven (16-24 años)	16-24 años	Nivel intermedio: Manejo adecuado de información y recursos digitales	Intermedio	Nacional (otras regiones de Perú)	Zona urbana	Movilidad nacional (a otra región o ciudad de Perú)	Español	Bilingüe	Mestizo	Agnosticismo	Nivel C: Ingreso familiar entre S/3,000 y S/5,000	Nivel C	Clase media	Funcionalidad física típica (sin discapacidad)	Trastorno por déficit de atención con hiperactividad (TDAH)	TDAH	Mujer	Femenino	Pansexual	La carrera que elegí corresponde a mis intereses o pasiones personales (orientación vocacional).	Hacer vínculos y contactos útiles.	Quiero vivir, estudiar o trabajar en otros países (experiencia internacional).	A fuerte	Auditivo, fuerte
M47	11	14	9	14	Baja	Baja	Baja	Moderada	2026/03/26 6:47:03 p. m. GMT-4	Farmacia y bioquimica 	UCSM	Ciencias de la salud	Pregrado (o grado universitario)	Al inicio	Público	No	No	Tercio medio	Sí	No	Estudiante universitario joven (16-24 años)	16-24 años	Nivel bajo: Conocimiento y manejo limitado de herramientas digitales	Bajo	Local (región de Arequipa)	Zona urbana	Sin experiencia de movilidad	Español	Monolingüe	Mestizo	Deísmo	Nivel E: Ingreso familiar menor a S/1,300	Nivel E	Clase trabajadora	Limitaciones visuales	Funcionalidad cognitiva típica (sin discapacidad)	Típica	Mujer	Femenino	Heterosexual	Obtener mejores oportunidades laborales o económicas (expectativa de beneficio económico o laboral).	Usar esta formación para acceder a posgrados o especializaciones.	Quiero continuar con posgrados o especializaciones (estudios avanzados).	R media	Lectura/Escritura, media
M48	14	9	7	16	Moderada	Muy baja	Muy baja	Moderada	2026/03/28 9:43:32 a. m. GMT-4	Derecho 	UCSM	Ciencias sociales y humanidades	Pregrado (o grado universitario)	Al inicio	Privado	Sí	No	Tercio medio	No	Sí	Estudiante universitario joven (16-24 años)	16-24 años	Nivel intermedio: Manejo adecuado de información y recursos digitales	Intermedio	Local (región de Arequipa)	Zona urbana	Movilidad nacional (a otra región o ciudad de Perú)	Español	Bilingüe	Blanco	Catolicismo	Nivel B: Ingreso familiar entre S/5,000 y S/25,000	Nivel B	Clase media	Movilidad reducida	Funcionalidad cognitiva típica (sin discapacidad)	Típica	Mujer	Femenino	Heterosexual	Obtener mejores oportunidades laborales o económicas (expectativa de beneficio económico o laboral).	Usar esta formación para acceder a posgrados o especializaciones.	Quiero desarrollarme y destacar en mi carrera (realización profesional).	A media	Auditivo, media
M49	16	16	14	15	Moderada	Moderada	Alta	Moderada	2026/03/31 12:54:22 p. m. GMT-4	ING Civil 	UCSM	Ingenierías y Tecnologías	Pregrado (o grado universitario)	Al medio	Público	Sí	No	Tercio medio	No	Sí	Estudiante universitario joven (16-24 años)	16-24 años	Nivel intermedio: Manejo adecuado de información y recursos digitales	Intermedio	Local (región de Arequipa)	Zona urbana	Sin experiencia de movilidad	Español	Monolingüe	Mestizo	Catolicismo	Nivel C: Ingreso familiar entre S/3,000 y S/5,000	Nivel C	Clase media	Funcionalidad física típica (sin discapacidad)	Funcionalidad cognitiva típica (sin discapacidad)	Típica	Mujer	Femenino	Heterosexual	La carrera que elegí corresponde a mis intereses o pasiones personales (orientación vocacional).	Adquirir conocimientos.	Quiero vivir, estudiar o trabajar en otros países (experiencia internacional).	V media	Visual, media
M50	20	18	19	19	Muy alta	Alta	Muy alta	Muy alta	2026/03/31 1:05:17 p. m. GMT-4	Comunicación Social	UCSM	Ciencias sociales y humanidades	Pregrado (o grado universitario)	Al inicio	Privado	No	No	Tercio medio	No	Sí	Estudiante universitario joven (16-24 años)	16-24 años	Nivel intermedio: Manejo adecuado de información y recursos digitales	Intermedio	Nacional (otras regiones de Perú)	Zona urbana	Movilidad nacional (a otra región o ciudad de Perú)	Español	Bilingüe	Mestizo	Catolicismo	Nivel B: Ingreso familiar entre S/5,000 y S/25,000	Nivel B	Clase media	Funcionalidad física típica (sin discapacidad)	Funcionalidad cognitiva típica (sin discapacidad)	Típica	Mujer	Femenino	Heterosexual	La carrera que elegí corresponde a mis intereses o pasiones personales (orientación vocacional).	Usar esta formación para acceder a posgrados o especializaciones.	Quiero desarrollarme y destacar en mi carrera (realización profesional).	V fuerte	Visual, fuerte
M51	9	12	15	8	Muy baja	Muy baja	Alta	Muy baja	2026/03/31 1:09:51 p. m. GMT-4	comunicación social 	UCSM	Ciencias sociales y humanidades	Pregrado (o grado universitario)	Al inicio	Público	No	No	Tercio medio	No	No	Estudiante universitario joven (16-24 años)	16-24 años	Nivel intermedio: Manejo adecuado de información y recursos digitales	Intermedio	Local (región de Arequipa)	Zona urbana	Sin experiencia de movilidad	Español	Bilingüe	Mestizo	Catolicismo	Nivel B: Ingreso familiar entre S/5,000 y S/25,000	Nivel B	Clase media	Funcionalidad física típica (sin discapacidad)	Funcionalidad cognitiva típica (sin discapacidad)	Típica	Hombre	Masculino	Heterosexual	La carrera que elegí corresponde a mis intereses o pasiones personales (orientación vocacional).	Usar esta formación para acceder a posgrados o especializaciones.	Quiero desarrollarme y destacar en mi carrera (realización profesional).	V fuerte	Visual, fuerte
M52	13	15	13	18	Moderada	Baja	Moderada	Alta	2026/03/31 1:11:16 p. m. GMT-4	Ingeniería Comercial	UCSM	Ciencias económicas, administrativas y empresariales	Pregrado (o grado universitario)	Al inicio	Privado	Sí	No	Tercio superior	No	No	Estudiante universitario joven (16-24 años)	16-24 años	Nivel intermedio: Manejo adecuado de información y recursos digitales	Intermedio	Local (región de Arequipa)	Capital de país	Sin experiencia de movilidad	Español	Bilingüe	Mestizo	Catolicismo	Nivel B: Ingreso familiar entre S/5,000 y S/25,000	Nivel B	Clase media	Funcionalidad física típica (sin discapacidad)	Funcionalidad cognitiva típica (sin discapacidad)	Típica	Mujer	Femenino	Heterosexual	Obtener mejores oportunidades laborales o económicas (expectativa de beneficio económico o laboral).	Adquirir conocimientos.	Quiero continuar con posgrados o especializaciones (estudios avanzados).	VAR	Multimodal (VAR)
M53	12	18	10	14	Baja	Alta	Moderada	Moderada	2026/03/31 1:13:36 p. m. GMT-4	Ingeniería Comercial	UCSM	Ciencias económicas, administrativas y empresariales	Pregrado (o grado universitario)	Al inicio	Privado	Sí	No	Tercio medio	No	No	Estudiante universitario joven (16-24 años)	16-24 años	Nivel intermedio: Manejo adecuado de información y recursos digitales	Intermedio	Local (región de Arequipa)	Zona urbana	Movilidad nacional (a otra región o ciudad de Perú)	Español	Multilingüe	Mestizo	Catolicismo	Nivel B: Ingreso familiar entre S/5,000 y S/25,000	Nivel B	Clase media	Funcionalidad física típica (sin discapacidad)	Trastorno por déficit de atención con hiperactividad (TDAH)	TDAH	Mujer	Femenino	Heterosexual	La carrera que elegí corresponde a mis intereses o pasiones personales (orientación vocacional).	Usar esta formación para acceder a posgrados o especializaciones.	Quiero continuar con posgrados o especializaciones (estudios avanzados).	A media	Auditivo, media
M54	17	14	17	19	Alta	Baja	Alta	Muy alta	2026/03/31 1:16:56 p. m. GMT-4	Comunicación social	UCSM	Ciencias sociales y humanidades	Pregrado (o grado universitario)	Al medio	Privado	Sí	No	Tercio superior	Sí	Sí	Estudiante universitario joven (16-24 años)	16-24 años	Nivel intermedio: Manejo adecuado de información y recursos digitales	Intermedio	Local (región de Arequipa)	Zona urbana	Sin experiencia de movilidad	Español	Bilingüe	Mestizo	Catolicismo	Nivel B: Ingreso familiar entre S/5,000 y S/25,000	Nivel B	Clase media	Funcionalidad física típica (sin discapacidad)	Funcionalidad cognitiva típica (sin discapacidad)	Típica	Hombre	Masculino	Heterosexual	Interés en aprender y descubrir cosas nuevas (orientación al conocimiento).	Hacer vínculos y contactos útiles.	Quiero desarrollarme y destacar en mi carrera (realización profesional).	VRK	Multimodal (VRK)
M55	15	13	14	11	Moderada	Baja	Alta	Muy baja	2026/03/31 1:17:00 p. m. GMT-4	Ingeniería Civil 	UCSM	Ingenierías y Tecnologías	Pregrado (o grado universitario)	Al inicio	Privado	No	No	Tercio medio	No	Sí	Estudiante universitario joven (16-24 años)	16-24 años	Nivel intermedio: Manejo adecuado de información y recursos digitales	Intermedio	Local (región de Arequipa)	Zona urbana	Movilidad nacional (a otra región o ciudad de Perú)	Español	Bilingüe	Mestizo	Catolicismo	Nivel B: Ingreso familiar entre S/5,000 y S/25,000	Nivel B	Clase media	Funcionalidad física típica (sin discapacidad)	Funcionalidad cognitiva típica (sin discapacidad)	Típica	Hombre	Masculino	Heterosexual	La carrera que elegí corresponde a mis intereses o pasiones personales (orientación vocacional).	Adquirir conocimientos.	Quiero continuar con posgrados o especializaciones (estudios avanzados).	K muy fuerte	Kinestésico, muy fuerte
M56	14	17	11	14	Moderada	Moderada	Moderada	Moderada	2026/03/31 1:18:32 p. m. GMT-4	Ingeniería Comercial 	UCSM	Ciencias económicas, administrativas y empresariales	Pregrado (o grado universitario)	Al inicio	Privado	No	Sí	Tercio superior	No	No	Estudiante universitario joven (16-24 años)	16-24 años	Nivel intermedio: Manejo adecuado de información y recursos digitales	Intermedio	Local (región de Arequipa)	Zona urbana	Movilidad local (a otra provincia de la región de Arequipa)	Español	Bilingüe	Mestizo	Catolicismo	Nivel B: Ingreso familiar entre S/5,000 y S/25,000	Nivel B	Clase media	Funcionalidad física típica (sin discapacidad)	Funcionalidad cognitiva típica (sin discapacidad)	Típica	Mujer	Femenino	Heterosexual	La carrera que elegí corresponde a mis intereses o pasiones personales (orientación vocacional).	Adquirir conocimientos.	Quiero equilibrio entre trabajo, familia y salud (equilibrio vida-trabajo).	RK	Multimodal (RK)
M57	20	19	17	18	Muy alta	Alta	Alta	Alta	2026/03/31 1:20:25 p. m. GMT-4	odontologia 	UCSM	Ciencias de la salud	Pregrado (o grado universitario)	Al medio	Privado	No	No	Tercio medio	No	No	Estudiante universitario joven (16-24 años)	16-24 años	Nivel intermedio: Manejo adecuado de información y recursos digitales	Intermedio	Local (región de Arequipa)	Zona urbana	Movilidad local (a otra provincia de la región de Arequipa)	Español	Bilingüe	Mestizo	Catolicismo	Nivel B: Ingreso familiar entre S/5,000 y S/25,000	Nivel B	Clase media	Funcionalidad física típica (sin discapacidad)	Trastorno por déficit de atención con hiperactividad (TDAH)	TDAH	Mujer	Femenino	Bisexual	La carrera que elegí corresponde a mis intereses o pasiones personales (orientación vocacional).	Usar esta formación para acceder a posgrados o especializaciones.	Quiero continuar con posgrados o especializaciones (estudios avanzados).	V media	Visual, media
M58	17	16	12	15	Alta	Moderada	Moderada	Moderada	2026/03/31 1:21:58 p. m. GMT-4	Publicidad Multimedia 	UCSM	Ciencias sociales y humanidades	Pregrado (o grado universitario)	Al final	Privado	No	No	Tercio superior	No	Sí	Estudiante universitario joven (16-24 años)	16-24 años	Nivel intermedio: Manejo adecuado de información y recursos digitales	Intermedio	Nacional (otras regiones de Perú)	Zona urbana	Movilidad nacional (a otra región o ciudad de Perú)	Español	Bilingüe	Mestizo	Ateísmo	Nivel B: Ingreso familiar entre S/5,000 y S/25,000	Nivel B	Clase media	Funcionalidad física típica (sin discapacidad)	Funcionalidad cognitiva típica (sin discapacidad)	Típica	Hombre	Masculino	Heterosexual	La carrera que elegí corresponde a mis intereses o pasiones personales (orientación vocacional).	Usar esta formación para acceder a posgrados o especializaciones.	Quiero desarrollarme y destacar en mi carrera (realización profesional).	VARK integrativo	Multimodal (VARK Integrativo)
M59	18	16	16	16	Alta	Moderada	Alta	Moderada	2026/03/31 1:30:23 p. m. GMT-4	Odontología 	UCSM	Ciencias de la salud	Pregrado (o grado universitario)	Al final	Privado	Sí	No	Tercio superior	No	No	Estudiante universitario joven (16-24 años)	16-24 años	Nivel intermedio: Manejo adecuado de información y recursos digitales	Intermedio	Local (región de Arequipa)	Zona urbana	Sin experiencia de movilidad	Español	Bilingüe	Blanco	Catolicismo	Nivel C: Ingreso familiar entre S/3,000 y S/5,000	Nivel C	Clase media	Funcionalidad física típica (sin discapacidad)	Trastorno por déficit de atención con hiperactividad (TDAH)	TDAH	Mujer	Femenino	Heterosexual	Interés en aprender y descubrir cosas nuevas (orientación al conocimiento).	Adquirir conocimientos.	Quiero desarrollarme y destacar en mi carrera (realización profesional).	V media	Visual, media
M60	7	13	15	9	Muy baja	Baja	Alta	Muy baja	2026/03/31 1:32:05 p. m. GMT-4	Odontología 	UCSM	Ciencias de la salud	Pregrado (o grado universitario)	Al medio	Privado	No	No	Tercio superior	No	No	Estudiante universitario joven (16-24 años)	16-24 años	Nivel bajo: Conocimiento y manejo limitado de herramientas digitales	Bajo	Local (región de Arequipa)	Zona urbana	Sin experiencia de movilidad	Español	Bilingüe	Blanco	Catolicismo	Nivel B: Ingreso familiar entre S/5,000 y S/25,000	Nivel B	Clase media	Funcionalidad física típica (sin discapacidad)	Funcionalidad cognitiva típica (sin discapacidad)	Típica	Mujer	Femenino	Heterosexual	La carrera que elegí corresponde a mis intereses o pasiones personales (orientación vocacional).	Adquirir conocimientos.	Quiero equilibrio entre trabajo, familia y salud (equilibrio vida-trabajo).	VAK	Multimodal (VAK)
M61	16	17	9	12	Moderada	Moderada	Baja	Baja	2026/03/31 1:44:28 p. m. GMT-4	Derecho	UCSM	Ciencias sociales y humanidades	Pregrado (o grado universitario)	Al inicio	Privado	No	No	Tercio inferior	No	No	Estudiante universitario joven (16-24 años)	16-24 años	Nivel alto: Dominio avanzado de competencias digitales	Alto	Local (región de Arequipa)	Zona urbana	Sin experiencia de movilidad	Español	Multilingüe	Mestizo	Ninguna	Nivel B: Ingreso familiar entre S/5,000 y S/25,000	Nivel B	Clase trabajadora	Funcionalidad física típica (sin discapacidad)	Otras formas de neurodiversidad	Otras	Hombre	Masculino	Bisexual	La carrera que elegí corresponde a mis intereses o pasiones personales (orientación vocacional).	Adquirir conocimientos.	Quiero desarrollarme y destacar en mi carrera (realización profesional).	AK	Multimodal (AK)
M62	12	16	8	13	Baja	Moderada	Baja	Baja	2026/03/31 1:49:18 p. m. GMT-4	Medicina Humana	UCSM	Ciencias de la salud	Pregrado (o grado universitario)	Al medio	Privado	Sí	No	Tercio superior	No	No	Estudiante universitario joven (16-24 años)	16-24 años	Nivel alto: Dominio avanzado de competencias digitales	Alto	Local (región de Arequipa)	Zona urbana	Movilidad internacional (a otro país)	Español	Bilingüe	Mestizo	Catolicismo	Nivel B: Ingreso familiar entre S/5,000 y S/25,000	Nivel B	Clase media	Funcionalidad física típica (sin discapacidad)	Funcionalidad cognitiva típica (sin discapacidad)	Típica	Mujer	Femenino	Heterosexual	La carrera que elegí corresponde a mis intereses o pasiones personales (orientación vocacional).	Obtener buenas calificaciones.	Quiero continuar con posgrados o especializaciones (estudios avanzados).	RK	Multimodal (RK)
M63	8	12	5	14	Muy baja	Muy baja	Muy baja	Moderada	2026/03/31 1:49:21 p. m. GMT-4	Medicina Humana	UCSM	Ciencias de la salud	Pregrado (o grado universitario)	Al medio	Privado	Sí	No	Tercio superior	No	No	Estudiante universitario joven (16-24 años)	16-24 años	Nivel alto: Dominio avanzado de competencias digitales	Alto	Local (región de Arequipa)	Zona urbana	Sin experiencia de movilidad	Español	Bilingüe	Mestizo	Catolicismo	Nivel C: Ingreso familiar entre S/3,000 y S/5,000	Nivel C	Clase media	Funcionalidad física típica (sin discapacidad)	Funcionalidad cognitiva típica (sin discapacidad)	Típica	Mujer	Femenino	Heterosexual	La carrera que elegí corresponde a mis intereses o pasiones personales (orientación vocacional).	Adquirir conocimientos.	Quiero continuar con posgrados o especializaciones (estudios avanzados).	RK	Multimodal (RK)
M64	14	16	9	14	Moderada	Moderada	Baja	Moderada	2026/03/31 1:51:04 p. m. GMT-4	Psicología 	UCSM	Ciencias sociales y humanidades	Pregrado (o grado universitario)	Al inicio	Privado	Sí	No	Tercio medio	No	Sí	Estudiante universitario joven (16-24 años)	16-24 años	Nivel intermedio: Manejo adecuado de información y recursos digitales	Intermedio	Local (región de Arequipa)	Zona urbana	Sin experiencia de movilidad	Español	Bilingüe	Mestizo	Catolicismo	Nivel C: Ingreso familiar entre S/3,000 y S/5,000	Nivel C	Clase media	Limitaciones visuales	Funcionalidad cognitiva típica (sin discapacidad)	Típica	Hombre	Masculino	Heterosexual	Interés en aprender y descubrir cosas nuevas (orientación al conocimiento).	Usar esta formación para acceder a posgrados o especializaciones.	Quiero desarrollarme y destacar en mi carrera (realización profesional).	VARK integrativo	Multimodal (VARK Integrativo)
M65	18	17	14	17	Alta	Moderada	Alta	Alta	2026/03/31 2:15:22 p. m. GMT-4	Psicologia	UCSM	Ciencias sociales y humanidades	Pregrado (o grado universitario)	Al inicio	Privado	No	No	Tercio inferior	Sí	Sí	Estudiante universitario de mediana edad (25-39 años)	25-39 años	Nivel intermedio: Manejo adecuado de información y recursos digitales	Intermedio	Local (región de Arequipa)	Zona urbana	Sin experiencia de movilidad	Español	Bilingüe	Mestizo	Catolicismo	Nivel B: Ingreso familiar entre S/5,000 y S/25,000	Nivel B	Clase media	Funcionalidad física típica (sin discapacidad)	Funcionalidad cognitiva típica (sin discapacidad)	Típica	Hombre	Masculino	Heterosexual	La carrera que elegí corresponde a mis intereses o pasiones personales (orientación vocacional).	Obtener buenas calificaciones.	Quiero crear mi propio proyecto o empresa (emprendimiento).	VARK selectivo	Multimodal (VARK Selectivo)
M66	12	13	9	13	Baja	Baja	Baja	Baja	2026/04/02 9:36:54 p. m. GMT-4	Odontología	UCSM	Ciencias de la salud	Pregrado (o grado universitario)	Al medio	Privado	No	No	Tercio superior	No	No	Estudiante universitario joven (16-24 años)	16-24 años	Nivel intermedio: Manejo adecuado de información y recursos digitales	Intermedio	Local (región de Arequipa)	Zona urbana	Sin experiencia de movilidad	Español	Bilingüe	Mestizo	Agnosticismo	Nivel B: Ingreso familiar entre S/5,000 y S/25,000	Nivel B	Clase media	Funcionalidad física típica (sin discapacidad)	Funcionalidad cognitiva típica (sin discapacidad)	Típica	Mujer	Femenino	Heterosexual	Lograr mayor reconocimiento social o prestigio profesional.	Usar esta formación para acceder a posgrados o especializaciones.	Quiero estabilidad material y financiera (seguridad económica).	VARK	Multimodal (VARK)
M67	19	20	20	20	Muy alta	Muy alta	Muy alta	Muy alta	2026/04/05 10:16:25 p. m. GMT-4	Ingeniería industrial 	UTP	Ingenierías y Tecnologías	Pregrado (o grado universitario)	Al inicio	Público	No	No	Tercio superior	Sí	Sí	Estudiante universitario joven (16-24 años)	16-24 años	Nivel intermedio: Manejo adecuado de información y recursos digitales	Intermedio	Local (región de Arequipa)	Zona urbana	Movilidad local (a otra provincia de la región de Arequipa)	Español	Monolingüe	Mestizo	Catolicismo	Nivel D: Ingreso familiar entre S/1,300 y S/3,000	Nivel D	Clase trabajadora	Funcionalidad física típica (sin discapacidad)	Funcionalidad cognitiva típica (sin discapacidad)	Típica	Mujer	Femenino	Heterosexual	Obtener mejores oportunidades laborales o económicas (expectativa de beneficio económico o laboral).	Usar esta formación para acceder a posgrados o especializaciones.	Quiero crear mi propio proyecto o empresa (emprendimiento).	V media	Visual, media
M68	18	18	18	17	Alta	Alta	Muy alta	Alta	2026/04/05 10:21:37 p. m. GMT-4	Economia	UTP	Ciencias económicas, administrativas y empresariales	Pregrado (o grado universitario)	Al inicio	Público	Sí	No	Tercio superior	Sí	Sí	Estudiante universitario joven (16-24 años)	16-24 años	Nivel intermedio: Manejo adecuado de información y recursos digitales	Intermedio	Nacional (otras regiones de Perú)	Zona urbana	Movilidad nacional (a otra región o ciudad de Perú)	Español	Monolingüe	Mestizo	Catolicismo	Nivel E: Ingreso familiar menor a S/1,300	Nivel E	Clase trabajadora	Funcionalidad física típica (sin discapacidad)	Dislexia	Dislexia	Mujer	Femenino	Heterosexual	Superación personal y alcanzar metas propias.	Adquirir conocimientos.	Quiero crear mi propio proyecto o empresa (emprendimiento).	K media	Kinestésico, media
M69	15	18	19	19	Moderada	Alta	Muy alta	Muy alta	2026/04/05 10:22:57 p. m. GMT-4	Administración de negocios internacionales 	UTP	Ciencias económicas, administrativas y empresariales	Pregrado (o grado universitario)	Al inicio	Privado	No	No	Tercio medio	Sí	No	Estudiante universitario joven (16-24 años)	16-24 años	Nivel bajo: Conocimiento y manejo limitado de herramientas digitales	Bajo	Nacional (otras regiones de Perú)	Zona urbana	Sin experiencia de movilidad	Quechua	Bilingüe	Indígena Quechua	Mormonismo	Nivel D: Ingreso familiar entre S/1,300 y S/3,000	Nivel D	Clase trabajadora	Limitaciones visuales	Dislexia	Dislexia	Mujer	Femenino	Heterosexual	Obtener mejores oportunidades laborales o económicas (expectativa de beneficio económico o laboral).	Hacer vínculos y contactos útiles.	Quiero vivir, estudiar o trabajar en otros países (experiencia internacional).	R media	Lectura/Escritura, media
M70	18	19	12	17	Alta	Alta	Moderada	Alta	2026/04/05 10:23:27 p. m. GMT-4	negocios internacionales	UTP	Ciencias económicas, administrativas y empresariales	Pregrado (o grado universitario)	Al inicio	Privado	No	No	Tercio medio	No	No	Estudiante universitario joven (16-24 años)	16-24 años	Nivel intermedio: Manejo adecuado de información y recursos digitales	Intermedio	Local (región de Arequipa)	Zona urbana	Movilidad local (a otra provincia de la región de Arequipa)	Español	Bilingüe	Mestizo	Ateísmo	Nivel D: Ingreso familiar entre S/1,300 y S/3,000	Nivel D	Clase media	Funcionalidad física típica (sin discapacidad)	Funcionalidad cognitiva típica (sin discapacidad)	Típica	Hombre	Masculino	Heterosexual	La carrera que elegí corresponde a mis intereses o pasiones personales (orientación vocacional).	Evitar reprobar materias o abandonar los estudios.	Quiero crear mi propio proyecto o empresa (emprendimiento).	V fuerte	Visual, fuerte
M71	17	18	11	16	Alta	Alta	Moderada	Moderada	2026/04/05 10:24:54 p. m. GMT-4	Obstetricia 	UTP	Ciencias de la salud	Pregrado (o grado universitario)	Al inicio	Privado	Sí	No	Tercio superior	No	No	Estudiante universitario joven (16-24 años)	16-24 años	Nivel intermedio: Manejo adecuado de información y recursos digitales	Intermedio	Local (región de Arequipa)	Zona urbana	Sin experiencia de movilidad	Quechua	Bilingüe	Mestizo	Catolicismo	Nivel D: Ingreso familiar entre S/1,300 y S/3,000	Nivel D	Clase media	Funcionalidad física típica (sin discapacidad)	Funcionalidad cognitiva típica (sin discapacidad)	Típica	Mujer	Femenino	Heterosexual	La carrera que elegí corresponde a mis intereses o pasiones personales (orientación vocacional).	Usar esta formación para acceder a posgrados o especializaciones.	Quiero continuar con posgrados o especializaciones (estudios avanzados).	V muy fuerte	Visual, muy fuerte
M72	12	15	9	17	Baja	Baja	Baja	Alta	2026/04/05 10:32:12 p. m. GMT-4	Administración de negocios internacionales 	UTP	Ciencias económicas, administrativas y empresariales	Pregrado (o grado universitario)	Al inicio	Público	No	No	Tercio superior	No	No	Estudiante universitario joven (16-24 años)	16-24 años	Nivel intermedio: Manejo adecuado de información y recursos digitales	Intermedio	Nacional (otras regiones de Perú)	Zona urbana	Movilidad nacional (a otra región o ciudad de Perú)	Español	Monolingüe	Mestizo	Catolicismo	Nivel C: Ingreso familiar entre S/3,000 y S/5,000	Nivel C	Clase media	Funcionalidad física típica (sin discapacidad)	Funcionalidad cognitiva típica (sin discapacidad)	Típica	Mujer	Femenino	Heterosexual	Obtener mejores oportunidades laborales o económicas (expectativa de beneficio económico o laboral).	Usar esta formación para acceder a posgrados o especializaciones.	Quiero desarrollarme y destacar en mi carrera (realización profesional).	VARK	Multimodal (VARK)
M73	17	17	13	17	Alta	Moderada	Moderada	Alta	2026/04/05 10:33:53 p. m. GMT-4	estudio en tu universitario-derecho	UTP	Ciencias sociales y humanidades	Pregrado (o grado universitario)	Al inicio	Público	No	Sí	Tercio superior	No	No	Estudiante universitario joven (16-24 años)	16-24 años	Nivel intermedio: Manejo adecuado de información y recursos digitales	Intermedio	Local (región de Arequipa)	Zona urbana	Sin experiencia de movilidad	Español	Bilingüe	Blanco	Catolicismo	Nivel C: Ingreso familiar entre S/3,000 y S/5,000	Nivel C	Clase media	Limitaciones visuales	Trastorno por déficit de atención con hiperactividad (TDAH)	TDAH	Mujer	Femenino	Heterosexual	La carrera que elegí corresponde a mis intereses o pasiones personales (orientación vocacional).	Usar esta formación para acceder a posgrados o especializaciones.	Quiero vivir, estudiar o trabajar en otros países (experiencia internacional).	AK	Multimodal (AK)
M74	14	16	8	17	Moderada	Moderada	Baja	Alta	2026/04/05 10:38:24 p. m. GMT-4	Derecho	UTP	Ciencias sociales y humanidades	Pregrado (o grado universitario)	Al inicio	Privado	No	No	Tercio superior	No	No	Estudiante universitario joven (16-24 años)	16-24 años	Nivel intermedio: Manejo adecuado de información y recursos digitales	Intermedio	Local (región de Arequipa)	Zona urbana	Sin experiencia de movilidad	Español	Monolingüe	Mestizo	Catolicismo	Nivel C: Ingreso familiar entre S/3,000 y S/5,000	Nivel C	Clase trabajadora	Funcionalidad física típica (sin discapacidad)	Funcionalidad cognitiva típica (sin discapacidad)	Típica	Hombre	Masculino	Heterosexual	Obtener mejores oportunidades laborales o económicas (expectativa de beneficio económico o laboral).	Usar esta formación para acceder a posgrados o especializaciones.	Quiero continuar con posgrados o especializaciones (estudios avanzados).	V muy fuerte	Visual, muy fuerte
M75	13	13	6	14	Moderada	Baja	Muy baja	Moderada	2026/04/05 10:38:41 p. m. GMT-4	Derecho	UTP	Ciencias sociales y humanidades	Pregrado (o grado universitario)	Al inicio	Privado	No	No	Tercio superior	Sí	No	Estudiante universitario joven (16-24 años)	16-24 años	Nivel intermedio: Manejo adecuado de información y recursos digitales	Intermedio	Local (región de Arequipa)	Zona rural	Sin experiencia de movilidad	Español	Monolingüe	Indígena Quechua	Adventismo	Nivel E: Ingreso familiar menor a S/1,300	Nivel E	Clase trabajadora	Limitaciones visuales	Trastorno por déficit de atención con hiperactividad (TDAH)	TDAH	Mujer	Femenino	Heterosexual	Influencia o expectativas de mi familia o entorno social.	Usar esta formación para acceder a posgrados o especializaciones.	Quiero continuar con posgrados o especializaciones (estudios avanzados).	R media	Lectura/Escritura, media
M76	15	17	10	18	Moderada	Moderada	Moderada	Alta	2026/04/05 10:40:11 p. m. GMT-4	Psicología 	UTP	Ciencias sociales y humanidades	Pregrado (o grado universitario)	Al inicio	Público	No	No	Tercio superior	Sí	Sí	Estudiante universitario joven (16-24 años)	16-24 años	Nivel intermedio: Manejo adecuado de información y recursos digitales	Intermedio	Local (región de Arequipa)	Zona urbana	Sin experiencia de movilidad	Español	Monolingüe	Mestizo	Catolicismo	Nivel D: Ingreso familiar entre S/1,300 y S/3,000	Nivel D	Clase trabajadora	Funcionalidad física típica (sin discapacidad)	Funcionalidad cognitiva típica (sin discapacidad)	Típica	Mujer	Femenino	Bisexual	La carrera que elegí corresponde a mis intereses o pasiones personales (orientación vocacional).	Adquirir conocimientos.	Quiero desarrollarme y destacar en mi carrera (realización profesional).		
M77	15	19	13	15	Moderada	Alta	Moderada	Moderada	2026/04/05 10:47:31 p. m. GMT-4	Enfermería 	UTP	Ciencias de la salud	Pregrado (o grado universitario)	Al inicio	Público	No	No	Tercio medio	Sí	No	Estudiante universitario joven (16-24 años)	16-24 años	Nivel bajo: Conocimiento y manejo limitado de herramientas digitales	Bajo	Nacional (otras regiones de Perú)	Zona rural	Sin experiencia de movilidad	Quechua	Bilingüe	Indígena Quechua	Catolicismo	Nivel E: Ingreso familiar menor a S/1,300	Nivel E	Subclase o clase popular	Funcionalidad física típica (sin discapacidad)	Funcionalidad cognitiva típica (sin discapacidad)	Típica	Mujer	Femenino	Heterosexual	Interés en aprender y descubrir cosas nuevas (orientación al conocimiento).	Adquirir conocimientos.	Quiero desarrollarme y destacar en mi carrera (realización profesional).	VARK	Multimodal (VARK)
M78	8	10	6	7	Muy baja	Muy baja	Muy baja	Muy baja	2026/04/05 10:48:00 p. m. GMT-4	Obstetricia 	UTP	Ciencias de la salud	Pregrado (o grado universitario)	Al inicio	Público	No	No	Tercio medio	Sí	Sí	Estudiante universitario joven (16-24 años)	16-24 años	Nivel intermedio: Manejo adecuado de información y recursos digitales	Intermedio	Local (región de Arequipa)	Zona rural	Movilidad local (a otra provincia de la región de Arequipa)	Español	Monolingüe	Indígena Quechua	Catolicismo	Nivel D: Ingreso familiar entre S/1,300 y S/3,000	Nivel D	Clase trabajadora	Funcionalidad física típica (sin discapacidad)	Funcionalidad cognitiva típica (sin discapacidad)	Típica	Mujer	Femenino	Heterosexual	Obtener mejores oportunidades laborales o económicas (expectativa de beneficio económico o laboral).	Usar esta formación para acceder a posgrados o especializaciones.	Quiero equilibrio entre trabajo, familia y salud (equilibrio vida-trabajo).	K media	Kinestésico, media
M79	18	18	17	19	Alta	Alta	Alta	Muy alta	2026/04/05 10:49:36 p. m. GMT-4	Psicologia	UTP	Ciencias de la salud	Pregrado (o grado universitario)	Al medio	Privado	No	No	Tercio superior	No	Sí	Estudiante universitario joven (16-24 años)	16-24 años	Nivel intermedio: Manejo adecuado de información y recursos digitales	Intermedio	Local (región de Arequipa)	Zona urbana	Movilidad local (a otra provincia de la región de Arequipa)	Español	Bilingüe	Mestizo	Catolicismo	Nivel B: Ingreso familiar entre S/5,000 y S/25,000	Nivel B	Clase media	Funcionalidad física típica (sin discapacidad)	Funcionalidad cognitiva típica (sin discapacidad)	Típica	Hombre	Masculino	Heterosexual	Interés en aprender y descubrir cosas nuevas (orientación al conocimiento).	Adquirir conocimientos.	Quiero desarrollarme y destacar en mi carrera (realización profesional).	V media	Visual, media
M80	14	15	10	11	Moderada	Baja	Moderada	Muy baja	2026/04/05 10:50:00 p. m. GMT-4	Administración de negocios internacionales 	UTP	Ciencias económicas, administrativas y empresariales	Pregrado (o grado universitario)	Al inicio	Público	No	No	Tercio medio	Sí	Sí	Estudiante universitario joven (16-24 años)	16-24 años	Nivel intermedio: Manejo adecuado de información y recursos digitales	Intermedio	Local (región de Arequipa)	Zona urbana	Movilidad local (a otra provincia de la región de Arequipa)	Español	Monolingüe	Mestizo	Catolicismo	Nivel D: Ingreso familiar entre S/1,300 y S/3,000	Nivel D	Clase trabajadora	Funcionalidad física típica (sin discapacidad)	Funcionalidad cognitiva típica (sin discapacidad)	Típica	Hombre	Masculino	Heterosexual	Superación personal y alcanzar metas propias.	Adquirir conocimientos.	Quiero continuar con posgrados o especializaciones (estudios avanzados).	V fuerte	Visual, fuerte
M81	14	13	11	15	Moderada	Baja	Moderada	Moderada	2026/04/05 10:54:37 p. m. GMT-4	OBSTETRICIA 	UTP	Ciencias de la salud	Pregrado (o grado universitario)	Al inicio	Público	Sí	No	Tercio superior	No	No	Estudiante universitario joven (16-24 años)	16-24 años	Nivel intermedio: Manejo adecuado de información y recursos digitales	Intermedio	Local (región de Arequipa)	Zona urbana	Movilidad local (a otra provincia de la región de Arequipa)	Español	Monolingüe	Mestizo	Catolicismo	Nivel C: Ingreso familiar entre S/3,000 y S/5,000	Nivel C	Clase trabajadora	Funcionalidad física típica (sin discapacidad)	Funcionalidad cognitiva típica (sin discapacidad)	Típica	Hombre	Masculino	Heterosexual	Obtener mejores oportunidades laborales o económicas (expectativa de beneficio económico o laboral).	Usar esta formación para acceder a posgrados o especializaciones.	Quiero continuar con posgrados o especializaciones (estudios avanzados).	V media	Visual, media
M82	13	20	11	15	Moderada	Muy alta	Moderada	Moderada	2026/04/05 10:56:21 p. m. GMT-4	Psicología 	UTP	Ciencias sociales y humanidades	Pregrado (o grado universitario)	Al inicio	Público	No	Sí	Tercio medio	Sí	Sí	Estudiante universitario joven (16-24 años)	16-24 años	Nivel intermedio: Manejo adecuado de información y recursos digitales	Intermedio	Nacional (otras regiones de Perú)	Zona urbana	Movilidad local (a otra provincia de la región de Arequipa)	Español	Monolingüe	Mestizo	Mormonismo	Nivel C: Ingreso familiar entre S/3,000 y S/5,000	Nivel C	Clase media	Funcionalidad física típica (sin discapacidad)	Funcionalidad cognitiva típica (sin discapacidad)	Típica	Mujer	Femenino	Heterosexual	La carrera que elegí corresponde a mis intereses o pasiones personales (orientación vocacional).	Adquirir conocimientos.	Quiero desarrollarme y destacar en mi carrera (realización profesional).	AK	Multimodal (AK)
M83	15	17	12	16	Moderada	Moderada	Moderada	Moderada	2026/04/05 11:01:35 p. m. GMT-4	Psicología 	UTP	Ciencias sociales y humanidades	Pregrado (o grado universitario)	Al inicio	Privado	Sí	No	Tercio medio	Sí	Sí	Estudiante universitario joven (16-24 años)	16-24 años	Nivel intermedio: Manejo adecuado de información y recursos digitales	Intermedio	Local (región de Arequipa)	Zona urbana	Sin experiencia de movilidad	Español	Bilingüe	Mestizo	Ateísmo	Nivel C: Ingreso familiar entre S/3,000 y S/5,000	Nivel C	Clase trabajadora	Funcionalidad física típica (sin discapacidad)	Funcionalidad cognitiva típica (sin discapacidad)	Típica	Mujer	Femenino	Bisexual	Obtener mejores oportunidades laborales o económicas (expectativa de beneficio económico o laboral).	Usar esta formación para acceder a posgrados o especializaciones.	Quiero continuar con posgrados o especializaciones (estudios avanzados).	AK	Multimodal (AK)
M84	14	15	11	14	Moderada	Baja	Moderada	Moderada	2026/04/05 11:07:34 p. m. GMT-4	Administración de negocios internacionales 	UTP	Ciencias económicas, administrativas y empresariales	Pregrado (o grado universitario)	Al inicio	Privado	No	No	Tercio superior	No	Sí	Estudiante universitario joven (16-24 años)	16-24 años	Nivel intermedio: Manejo adecuado de información y recursos digitales	Intermedio	Local (región de Arequipa)	Zona urbana	Sin experiencia de movilidad	Español	Bilingüe	Mestizo	Catolicismo	Nivel C: Ingreso familiar entre S/3,000 y S/5,000	Nivel C	Clase media	Funcionalidad física típica (sin discapacidad)	Funcionalidad cognitiva típica (sin discapacidad)	Típica	Hombre	Masculino	Heterosexual	Lograr mayor reconocimiento social o prestigio profesional.	Hacer vínculos y contactos útiles.	Quiero vivir, estudiar o trabajar en otros países (experiencia internacional).	A media	Auditivo, media
M85	15	16	9	13	Moderada	Moderada	Baja	Baja	2026/04/05 11:18:48 p. m. GMT-4	Ingeniería industrial 	UTP	Ingenierías y Tecnologías	Pregrado (o grado universitario)	Al inicio	Público	No	No	Tercio medio	No	Sí	Estudiante universitario joven (16-24 años)	16-24 años	Nivel intermedio: Manejo adecuado de información y recursos digitales	Intermedio	Local (región de Arequipa)	Zona rural	Movilidad local (a otra provincia de la región de Arequipa)	Español	Bilingüe	Mestizo	Catolicismo	Nivel E: Ingreso familiar menor a S/1,300	Nivel E	Clase trabajadora	Funcionalidad física típica (sin discapacidad)	Funcionalidad cognitiva típica (sin discapacidad)	Típica	Mujer	Femenino	Heterosexual	Obtener mejores oportunidades laborales o económicas (expectativa de beneficio económico o laboral).	Adquirir conocimientos.	Quiero desarrollarme y destacar en mi carrera (realización profesional).	A media	Auditivo, media
M86	12	16	8	13	Baja	Moderada	Baja	Baja	2026/04/05 11:31:56 p. m. GMT-4	Psicología 	UTP	Ciencias de la salud	Pregrado (o grado universitario)	Al inicio	Público	Sí	No	Tercio superior	Sí	Sí	Estudiante universitario joven (16-24 años)	16-24 años	Nivel intermedio: Manejo adecuado de información y recursos digitales	Intermedio	Local (región de Arequipa)	Zona urbana	Sin experiencia de movilidad	Español	Monolingüe	Mestizo	Catolicismo	Nivel C: Ingreso familiar entre S/3,000 y S/5,000	Nivel C	Clase media	Movilidad reducida	Funcionalidad cognitiva típica (sin discapacidad)	Típica	Hombre	Masculino	Heterosexual	La carrera que elegí corresponde a mis intereses o pasiones personales (orientación vocacional).	Adquirir conocimientos.	Quiero desarrollarme y destacar en mi carrera (realización profesional).	K media	Kinestésico, media
M87	9	17	9	15	Muy baja	Moderada	Baja	Moderada	2026/04/05 11:42:54 p. m. GMT-4	Administración y Marketing	UTP	Ciencias económicas, administrativas y empresariales	Pregrado (o grado universitario)	Al inicio	Privado	No	No	Tercio medio	No	No	Estudiante universitario joven (16-24 años)	16-24 años	Nivel intermedio: Manejo adecuado de información y recursos digitales	Intermedio	Local (región de Arequipa)	Zona urbana	Sin experiencia de movilidad	Español	Bilingüe	Mestizo	Catolicismo	Nivel D: Ingreso familiar entre S/1,300 y S/3,000	Nivel D	Clase media	Funcionalidad física típica (sin discapacidad)	Funcionalidad cognitiva típica (sin discapacidad)	Típica	Mujer	Femenino	Heterosexual	Superación personal y alcanzar metas propias.	Obtener buenas calificaciones.	Quiero continuar con posgrados o especializaciones (estudios avanzados).	K media	Kinestésico, media
M88	13	18	10	16	Moderada	Alta	Moderada	Moderada	2026/04/06 12:18:25 a. m. GMT-4	Ing. Civil 	UTP	Ingenierías y Tecnologías	Pregrado (o grado universitario)	Al inicio	Privado	No	No	Tercio medio	No	Sí	Estudiante universitario joven (16-24 años)	16-24 años	Nivel intermedio: Manejo adecuado de información y recursos digitales	Intermedio	Local (región de Arequipa)	Zona urbana	Movilidad local (a otra provincia de la región de Arequipa)	Español	Monolingüe	Mestizo	Catolicismo	Nivel C: Ingreso familiar entre S/3,000 y S/5,000	Nivel C	Clase trabajadora	Funcionalidad física típica (sin discapacidad)	Funcionalidad cognitiva típica (sin discapacidad)	Típica	Hombre	Masculino	Heterosexual	Superación personal y alcanzar metas propias.	Usar esta formación para acceder a posgrados o especializaciones.	Quiero desarrollarme y destacar en mi carrera (realización profesional).	V muy fuerte	Visual, muy fuerte
M89	9	11	7	14	Muy baja	Muy baja	Muy baja	Moderada	2026/04/06 12:49:16 a. m. GMT-4	Administración de Empresas Internacionales 	UTP	Ciencias económicas, administrativas y empresariales	Pregrado (o grado universitario)	Al inicio	Público	No	No	Tercio superior	Sí	No	Estudiante universitario joven (16-24 años)	16-24 años	Nivel bajo: Conocimiento y manejo limitado de herramientas digitales	Bajo	Nacional (otras regiones de Perú)	Zona rural	Movilidad local (a otra provincia de la región de Arequipa)	Quechua	Bilingüe	Indígena Quechua	Catolicismo	Nivel C: Ingreso familiar entre S/3,000 y S/5,000	Nivel C	Clase trabajadora	Funcionalidad física típica (sin discapacidad)	Funcionalidad cognitiva típica (sin discapacidad)	Típica	Mujer	Femenino	Heterosexual	Obtener mejores oportunidades laborales o económicas (expectativa de beneficio económico o laboral).	Obtener buenas calificaciones.	Quiero crear mi propio proyecto o empresa (emprendimiento).	V fuerte	Visual, fuerte
M90	11	15	10	17	Baja	Baja	Moderada	Alta	2026/04/06 1:33:19 a. m. GMT-4	administración de negocios internacionales	UTP	Ciencias económicas, administrativas y empresariales	Pregrado (o grado universitario)	Al inicio	Público	No	No	Tercio medio	Sí	Sí	Estudiante universitario joven (16-24 años)	16-24 años	Nivel intermedio: Manejo adecuado de información y recursos digitales	Intermedio	Local (región de Arequipa)	Zona urbana	Movilidad local (a otra provincia de la región de Arequipa)	Español	Monolingüe	Blanco	Catolicismo	Nivel E: Ingreso familiar menor a S/1,300	Nivel E	Clase trabajadora	Funcionalidad física típica (sin discapacidad)	Trastorno por déficit de atención con hiperactividad (TDAH)	TDAH	Hombre	Masculino	Heterosexual	La carrera que elegí corresponde a mis intereses o pasiones personales (orientación vocacional).	Adquirir conocimientos.	Quiero crear mi propio proyecto o empresa (emprendimiento).	R media	Lectura/Escritura, media
M91	12	18	10	16	Baja	Alta	Moderada	Moderada	2026/04/06 1:57:05 a. m. GMT-4	Administración de negocios internacionales 	UTP	Ciencias económicas, administrativas y empresariales	Pregrado (o grado universitario)	Al inicio	Privado	No	No	Tercio medio	No	No	Estudiante universitario joven (16-24 años)	16-24 años	Nivel alto: Dominio avanzado de competencias digitales	Alto	Local (región de Arequipa)	Capital de país	Movilidad nacional (a otra región o ciudad de Perú)	Español	Bilingüe	Blanco	Catolicismo	Nivel C: Ingreso familiar entre S/3,000 y S/5,000	Nivel C		Funcionalidad física típica (sin discapacidad)	Funcionalidad cognitiva típica (sin discapacidad)	Típica	Mujer	Femenino	Heterosexual	La carrera que elegí corresponde a mis intereses o pasiones personales (orientación vocacional).	Obtener buenas calificaciones.	Quiero vivir, estudiar o trabajar en otros países (experiencia internacional).	K muy fuerte	Kinestésico, muy fuerte
M92	17	6	10	11	Alta	Muy baja	Moderada	Muy baja	2026/04/06 8:01:58 a. m. GMT-4		UTP	Ciencias sociales y humanidades	Pregrado (o grado universitario)	Al inicio	Público	Sí	No	Tercio medio	No	Sí	Estudiante universitario joven (16-24 años)	16-24 años	Nivel intermedio: Manejo adecuado de información y recursos digitales	Intermedio	Local (región de Arequipa)	Zona urbana	Sin experiencia de movilidad	Español	Monolingüe	Mestizo	Ateísmo	Nivel C: Ingreso familiar entre S/3,000 y S/5,000	Nivel C	Clase trabajadora	Funcionalidad física típica (sin discapacidad)	Funcionalidad cognitiva típica (sin discapacidad)	Típica	Hombre	Masculino	Heterosexual	La carrera que elegí corresponde a mis intereses o pasiones personales (orientación vocacional).	Obtener buenas calificaciones.	Quiero continuar con posgrados o especializaciones (estudios avanzados).	V fuerte	Visual, fuerte
M93	12	13	10	16	Baja	Baja	Moderada	Moderada	2026/04/06 4:29:19 p. m. GMT-4	Psicología 	UTP	Ciencias sociales y humanidades	Pregrado (o grado universitario)	Al inicio	Público	No	No	Tercio medio	Sí	Sí	Estudiante universitario joven (16-24 años)	16-24 años	Nivel intermedio: Manejo adecuado de información y recursos digitales	Intermedio	Local (región de Arequipa)	Zona urbana	Movilidad local (a otra provincia de la región de Arequipa)	Español	Monolingüe	Mestizo	Protestantismo (evangélicos y pentecostalismo)			Clase trabajadora				Mujer	Femenino	Heterosexual	Superación personal y alcanzar metas propias.	Adquirir conocimientos.	Quiero estabilidad material y financiera (seguridad económica).	R media	Lectura/Escritura, media
M94	12	12	11	13	Baja	Muy baja	Moderada	Baja	2026/04/06 4:47:03 p. m. GMT-4	Nutrición y dietética 	UTP	Ciencias de la salud	Pregrado (o grado universitario)	Al inicio	Público	No	No	Tercio medio	Sí	Sí	Estudiante universitario joven (16-24 años)	16-24 años	Nivel intermedio: Manejo adecuado de información y recursos digitales	Intermedio	Nacional (otras regiones de Perú)	Zona urbana	Movilidad local (a otra provincia de la región de Arequipa)	Quechua	Monolingüe	Mestizo	Catolicismo	Nivel E: Ingreso familiar menor a S/1,300	Nivel E	Subclase o clase popular	Funcionalidad física típica (sin discapacidad)	Funcionalidad cognitiva típica (sin discapacidad)	Típica	Mujer	Femenino	Heterosexual	Interés en aprender y descubrir cosas nuevas (orientación al conocimiento).	Adquirir conocimientos.	Quiero crear mi propio proyecto o empresa (emprendimiento).	A media	Auditivo, media
M95	18	14	17	12	Alta	Baja	Alta	Baja	2026/04/06 6:20:04 p. m. GMT-4	Ing civil 	UTP	Ingenierías y Tecnologías	Pregrado (o grado universitario)	Al medio	Público	Sí	No	Tercio medio	Sí	Sí	Estudiante universitario de mediana edad (25-39 años)	25-39 años	Nivel intermedio: Manejo adecuado de información y recursos digitales	Intermedio	Local (región de Arequipa)	Zona urbana	Movilidad local (a otra provincia de la región de Arequipa)	Español	Monolingüe	Mestizo	Cristianismo	Nivel B: Ingreso familiar entre S/5,000 y S/25,000	Nivel B	Clase trabajadora	Funcionalidad física típica (sin discapacidad)	Dislexia	Dislexia	Hombre	Masculino	Heterosexual	Obtener mejores oportunidades laborales o económicas (expectativa de beneficio económico o laboral).	Obtener buenas calificaciones.	Quiero crear mi propio proyecto o empresa (emprendimiento).	K fuerte	Kinestésico, fuerte
M96	20	18	18	19	Muy alta	Alta	Muy alta	Muy alta	2026/04/07 1:15:25 p. m. GMT-4	Ingeniería Industrial	UTP	Ingenierías y Tecnologías	Pregrado (o grado universitario)	Al medio	Público	No	No	Tercio superior	Sí	Sí	Estudiante universitario joven (16-24 años)	16-24 años	Nivel intermedio: Manejo adecuado de información y recursos digitales	Intermedio	Local (región de Arequipa)	Zona urbana	Sin experiencia de movilidad	Español	Bilingüe	Mestizo	Catolicismo	Nivel B: Ingreso familiar entre S/5,000 y S/25,000	Nivel B	Clase media	Funcionalidad física típica (sin discapacidad)	Funcionalidad cognitiva típica (sin discapacidad)	Típica	Hombre	Masculino	Heterosexual	Superación personal y alcanzar metas propias.	Recibir distinciones o premios académicos.	Quiero desarrollarme y destacar en mi carrera (realización profesional).	VAK	Multimodal (VAK)
M97	17	16	8	17	Alta	Moderada	Baja	Alta	2026/04/07 2:23:43 p. m. GMT-4	Ingeniería industrial	UTP	Ingenierías y Tecnologías	Pregrado (o grado universitario)	Al inicio	Público	Sí	No	Tercio superior	No	No	Estudiante universitario joven (16-24 años)	16-24 años	Nivel intermedio: Manejo adecuado de información y recursos digitales	Intermedio	Nacional (otras regiones de Perú)	Zona urbana	Movilidad nacional (a otra región o ciudad de Perú)	Español	Bilingüe	Blanco	Catolicismo	Nivel B: Ingreso familiar entre S/5,000 y S/25,000	Nivel B	Clase media	Funcionalidad física típica (sin discapacidad)	Funcionalidad cognitiva típica (sin discapacidad)	Típica	Mujer	Femenino	Heterosexual	Obtener mejores oportunidades laborales o económicas (expectativa de beneficio económico o laboral).	Hacer vínculos y contactos útiles.	Quiero vivir, estudiar o trabajar en otros países (experiencia internacional).	V muy fuerte	Visual, muy fuerte
M98	8	16	11	14	Muy baja	Moderada	Moderada	Moderada	2026/04/07 2:30:56 p. m. GMT-4	Enfermería 	UTP	Ciencias de la salud	Pregrado (o grado universitario)	Al inicio	Privado	Sí	No	Tercio medio	No	Sí	Estudiante universitario joven (16-24 años)	16-24 años	Nivel intermedio: Manejo adecuado de información y recursos digitales	Intermedio	Local (región de Arequipa)	Zona urbana	Sin experiencia de movilidad	Español	Monolingüe	Mestizo	Catolicismo	Nivel E: Ingreso familiar menor a S/1,300	Nivel E	Clase media	Funcionalidad física típica (sin discapacidad)	Funcionalidad cognitiva típica (sin discapacidad)	Típica	Mujer	Femenino	Heterosexual	Interés en aprender y descubrir cosas nuevas (orientación al conocimiento).	Obtener buenas calificaciones.	Quiero equilibrio entre trabajo, familia y salud (equilibrio vida-trabajo).	V muy fuerte	Visual, muy fuerte
M99	14	15	12	13	Moderada	Baja	Moderada	Baja	2026/04/07 3:47:00 p. m. GMT-4	Administración y marketing 	UTP	Ciencias sociales y humanidades	Pregrado (o grado universitario)	Al inicio	Público	No	No	Tercio medio	No	No	Estudiante universitario joven (16-24 años)	16-24 años	Nivel bajo: Conocimiento y manejo limitado de herramientas digitales	Bajo	Nacional (otras regiones de Perú)	Zona urbana	Movilidad nacional (a otra región o ciudad de Perú)	Español	Bilingüe	Mestizo		Nivel D: Ingreso familiar entre S/1,300 y S/3,000	Nivel D	Clase trabajadora	Funcionalidad física típica (sin discapacidad)	Funcionalidad cognitiva típica (sin discapacidad)	Típica	Mujer	Femenino		Interés en aprender y descubrir cosas nuevas (orientación al conocimiento).	Obtener buenas calificaciones.	Quiero desarrollarme y destacar en mi carrera (realización profesional).	V media	Visual, media
M100	14	16	12	15	Moderada	Moderada	Moderada	Moderada	2026/04/07 4:07:50 p. m. GMT-4	Administración de negocios internacionales 	UTP	Ciencias económicas, administrativas y empresariales	Pregrado (o grado universitario)	Al inicio	Privado	No	No	Tercio superior	No	No	Estudiante universitario joven (16-24 años)	16-24 años	Nivel intermedio: Manejo adecuado de información y recursos digitales	Intermedio	Local (región de Arequipa)	Zona urbana	Movilidad nacional (a otra región o ciudad de Perú)	Español	Bilingüe	Mestizo	Catolicismo	Nivel D: Ingreso familiar entre S/1,300 y S/3,000	Nivel D	Clase trabajadora	Funcionalidad física típica (sin discapacidad)	Funcionalidad cognitiva típica (sin discapacidad)	Típica	Mujer	Femenino	Heterosexual	Superación personal y alcanzar metas propias.	Usar esta formación para acceder a posgrados o especializaciones.	Quiero vivir, estudiar o trabajar en otros países (experiencia internacional).	ARK	Multimodal (ARK)
M101	10	12	12	13	Muy baja	Muy baja	Moderada	Baja	2026/04/08 1:38:11 p. m. GMT-4	Enfermería 	UTP	Ciencias de la salud	Pregrado (o grado universitario)	Al inicio	Privado	No	No	Tercio medio	No	No	Estudiante universitario joven (16-24 años)	16-24 años	Nivel intermedio: Manejo adecuado de información y recursos digitales	Intermedio	Nacional (otras regiones de Perú)	Zona urbana	Movilidad local (a otra provincia de la región de Arequipa)	Español	Monolingüe	Indígena Quechua	Catolicismo	Nivel E: Ingreso familiar menor a S/1,300	Nivel E	Clase trabajadora	Funcionalidad física típica (sin discapacidad)	Trastorno por déficit de atención con hiperactividad (TDAH)	TDAH	Mujer	Femenino	Heterosexual	La carrera que elegí corresponde a mis intereses o pasiones personales (orientación vocacional).	Evitar reprobar materias o abandonar los estudios.	Quiero desarrollarme y destacar en mi carrera (realización profesional).	V media	Visual, media
M102	20	20	20	19	Muy alta	Muy alta	Muy alta	Muy alta	2026/04/08 1:45:15 p. m. GMT-4	ING Industrial	UTP	Ingenierías y Tecnologías	Pregrado (o grado universitario)	Al inicio	Privado	Sí	No	Tercio superior	Sí	No	Estudiante universitario joven (16-24 años)	16-24 años	Nivel intermedio: Manejo adecuado de información y recursos digitales	Intermedio	Local (región de Arequipa)	Zona urbana	Sin experiencia de movilidad	Español	Bilingüe	Indígena Quechua	Catolicismo	Nivel C: Ingreso familiar entre S/3,000 y S/5,000	Nivel C	Clase media	Funcionalidad física típica (sin discapacidad)	Funcionalidad cognitiva típica (sin discapacidad)	Típica	Hombre	Masculino	Heterosexual	Interés en aprender y descubrir cosas nuevas (orientación al conocimiento).	Adquirir conocimientos.	Quiero desarrollarme y destacar en mi carrera (realización profesional).	VRK	Multimodal (VRK)
M103	12	17	12	18	Baja	Moderada	Moderada	Alta	2026/04/09 1:15:57 p. m. GMT-4	Ingeniería industrial 	UTP	Ingenierías y Tecnologías	Pregrado (o grado universitario)	Al inicio	Público	Sí	Sí	Tercio medio	Sí	Sí	Estudiante universitario de mediana edad (25-39 años)	25-39 años	Nivel bajo: Conocimiento y manejo limitado de herramientas digitales	Bajo	Nacional (otras regiones de Perú)	Zona rural	Movilidad nacional (a otra región o ciudad de Perú)	Español	Monolingüe	Mestizo	Protestantismo (evangélicos y pentecostalismo)	Nivel E: Ingreso familiar menor a S/1,300	Nivel E	Clase trabajadora	Funcionalidad física típica (sin discapacidad)	Funcionalidad cognitiva típica (sin discapacidad)	Típica	Hombre	Masculino	Heterosexual	Interés en aprender y descubrir cosas nuevas (orientación al conocimiento).	Adquirir conocimientos.	Quiero desarrollarme y destacar en mi carrera (realización profesional).	V muy fuerte	Visual, muy fuerte
M104	13	12	8	10	Moderada	Muy baja	Baja	Muy baja	2026/04/10 12:31:17 p. m. GMT-4	Administración de empresas 	UCSM	Ciencias económicas, administrativas y empresariales	Pregrado (o grado universitario)	Al inicio	Privado	No	No	Tercio medio	Sí	Sí	Estudiante universitario joven (16-24 años)	16-24 años	Nivel intermedio: Manejo adecuado de información y recursos digitales	Intermedio	Local (región de Arequipa)	Capital de país	Sin experiencia de movilidad	Español	Bilingüe	Mestizo	Catolicismo	Nivel B: Ingreso familiar entre S/5,000 y S/25,000	Nivel B	Clase media	Movilidad reducida	Funcionalidad cognitiva típica (sin discapacidad)	Típica	Mujer	Femenino	Heterosexual	Interés en aprender y descubrir cosas nuevas (orientación al conocimiento).	Adquirir conocimientos.	Quiero continuar con posgrados o especializaciones (estudios avanzados).	V muy fuerte	Visual, muy fuerte
M105	13	16	14	12	Moderada	Moderada	Alta	Baja	2026/04/10 12:42:22 p. m. GMT-4	Administración de Empresas	UCSM	Ciencias económicas, administrativas y empresariales	Pregrado (o grado universitario)	Al inicio	Privado	Sí	No	Tercio medio	No	No	Estudiante universitario joven (16-24 años)	16-24 años	Nivel intermedio: Manejo adecuado de información y recursos digitales	Intermedio	Nacional (otras regiones de Perú)	Zona urbana	Movilidad local (a otra provincia de la región de Arequipa)	Español	Bilingüe	Mestizo	Catolicismo	Nivel C: Ingreso familiar entre S/3,000 y S/5,000	Nivel C	Clase media	Funcionalidad física típica (sin discapacidad)	Funcionalidad cognitiva típica (sin discapacidad)	Típica	Mujer	Femenino	Bisexual	La carrera que elegí corresponde a mis intereses o pasiones personales (orientación vocacional).	Hacer vínculos y contactos útiles.	Quiero continuar con posgrados o especializaciones (estudios avanzados).	V media	Visual, media
M106	18	19	16	18	Alta	Alta	Alta	Alta	2026/04/10 12:45:47 p. m. GMT-4	Derecho 	UCSM	Ciencias económicas, administrativas y empresariales	Pregrado (o grado universitario)	Al medio	Privado	Sí	No	Tercio medio	Sí	No	Estudiante universitario joven (16-24 años)	16-24 años	Nivel intermedio: Manejo adecuado de información y recursos digitales	Intermedio	Local (región de Arequipa)	Zona urbana	Movilidad internacional (a otro país)	Español	Bilingüe	Mestizo	Testigo de Jehová	Nivel A: Ingreso familiar mayor a S/25,000 mensuales	Nivel A	Clase media	Limitaciones visuales	Trastorno por déficit de atención con hiperactividad (TDAH)	TDAH	Mujer	Femenino	Bisexual	Lograr mayor reconocimiento social o prestigio profesional.	Adquirir conocimientos.	Quiero participar y aportar en iniciativas sociales (impacto social).	VARK selectivo	Multimodal (VARK Selectivo)
M107	10	14	7	13	Muy baja	Baja	Muy baja	Baja	2026/04/10 12:46:51 p. m. GMT-4	Derecho	UCSM	Ciencias sociales y humanidades	Pregrado (o grado universitario)	Al inicio	Privado	No	No	Tercio medio	No	Sí	Estudiante universitario joven (16-24 años)	16-24 años	Nivel intermedio: Manejo adecuado de información y recursos digitales	Intermedio	Local (región de Arequipa)	Zona urbana	Sin experiencia de movilidad	Español	Monolingüe	Mestizo	Agnosticismo	Nivel B: Ingreso familiar entre S/5,000 y S/25,000	Nivel B	Clase media	Funcionalidad física típica (sin discapacidad)	Funcionalidad cognitiva típica (sin discapacidad)	Típica	Mujer	Femenino	Bisexual	Influencia o expectativas de mi familia o entorno social.	Usar esta formación para acceder a posgrados o especializaciones.	Quiero estabilidad material y financiera (seguridad económica).	ARK	Multimodal (ARK)
M108	20	19	19	15	Muy alta	Alta	Muy alta	Moderada	2026/04/10 12:50:58 p. m. GMT-4	Ingeniería Biotecnológica	UCSM	Ciencias de la salud	Pregrado (o grado universitario)	Al final	Privado	Sí	No	Tercio medio	No	No	Estudiante universitario joven (16-24 años)	16-24 años	Nivel intermedio: Manejo adecuado de información y recursos digitales	Intermedio	Local (región de Arequipa)	Zona urbana	Movilidad local (a otra provincia de la región de Arequipa)	Español	Monolingüe	Mestizo	Catolicismo	Nivel D: Ingreso familiar entre S/1,300 y S/3,000	Nivel D	Clase trabajadora	Funcionalidad física típica (sin discapacidad)	Funcionalidad cognitiva típica (sin discapacidad)	Típica	Mujer	Femenino	Heterosexual	Interés en aprender y descubrir cosas nuevas (orientación al conocimiento).	Adquirir conocimientos.	Quiero crear mi propio proyecto o empresa (emprendimiento).	A media	Auditivo, media
M109	20	20	19	18	Muy alta	Muy alta	Muy alta	Alta	2026/04/10 1:02:35 p. m. GMT-4	Ingeniería civil 	UCSM	Ingenierías y Tecnologías	Especialidad	Al final	Privado	No	No	Tercio medio	Sí	Sí	Estudiante universitario joven (16-24 años)	16-24 años	Nivel intermedio: Manejo adecuado de información y recursos digitales	Intermedio	Local (región de Arequipa)	Zona urbana	Movilidad local (a otra provincia de la región de Arequipa)	Español	Bilingüe	Mestizo	Agnosticismo	Nivel A: Ingreso familiar mayor a S/25,000 mensuales	Nivel A	Clase media	Funcionalidad física típica (sin discapacidad)	Funcionalidad cognitiva típica (sin discapacidad)	Típica	Hombre	Masculino	Heterosexual	Interés en aprender y descubrir cosas nuevas (orientación al conocimiento).	Adquirir conocimientos.	Quiero continuar con posgrados o especializaciones (estudios avanzados).	V fuerte	Visual, fuerte
M110	15	9	17	12	Moderada	Muy baja	Alta	Baja	2026/04/10 1:13:24 p. m. GMT-4	Comunicación social 	UCSM	Ciencias sociales y humanidades	Pregrado (o grado universitario)	Al inicio	Privado	Sí	No	Tercio superior	No	No	Estudiante universitario joven (16-24 años)	16-24 años	Nivel alto: Dominio avanzado de competencias digitales	Alto	Nacional (otras regiones de Perú)	Zona urbana	Sin experiencia de movilidad	Español	Monolingüe	Mestizo	Catolicismo	Nivel C: Ingreso familiar entre S/3,000 y S/5,000	Nivel C	Clase media	Funcionalidad física típica (sin discapacidad)	Funcionalidad cognitiva típica (sin discapacidad)	Típica	Mujer	Femenino	Heterosexual	Superación personal y alcanzar metas propias.	Hacer vínculos y contactos útiles.	Quiero vivir, estudiar o trabajar en otros países (experiencia internacional).	V media	Visual, media
M111	13	12	11	16	Moderada	Muy baja	Moderada	Moderada	2026/04/10 1:17:50 p. m. GMT-4	Publicidad y multimedia 	UCSM	Ciencias sociales y humanidades	Pregrado (o grado universitario)	Al inicio	Privado	No	No	Tercio superior	Sí	Sí	Estudiante universitario joven (16-24 años)	16-24 años	Nivel intermedio: Manejo adecuado de información y recursos digitales	Intermedio	Local (región de Arequipa)	Zona urbana	Sin experiencia de movilidad	Español	Bilingüe	Mestizo	Catolicismo	Nivel C: Ingreso familiar entre S/3,000 y S/5,000	Nivel C	Clase media	Funcionalidad física típica (sin discapacidad)	Funcionalidad cognitiva típica (sin discapacidad)	Típica	Mujer	Femenino	Heterosexual	La carrera que elegí corresponde a mis intereses o pasiones personales (orientación vocacional).	Usar esta formación para acceder a posgrados o especializaciones.	Quiero desarrollarme y destacar en mi carrera (realización profesional).	VARK selectivo	Multimodal (VARK Selectivo)
M112	20	20	20	20	Muy alta	Muy alta	Muy alta	Muy alta	2026/04/10 1:19:47 p. m. GMT-4	Derecho	UCSM	Ciencias sociales y humanidades	Pregrado (o grado universitario)	Al medio	Privado	No	No	Tercio medio	Sí	Sí	Estudiante universitario de mediana edad (25-39 años)	25-39 años	Nivel alto: Dominio avanzado de competencias digitales	Alto	Local (región de Arequipa)	Zona urbana	Movilidad local (a otra provincia de la región de Arequipa)	Español	Bilingüe	Mestizo		Nivel C: Ingreso familiar entre S/3,000 y S/5,000	Nivel C	Clase media	Funcionalidad física típica (sin discapacidad)	Funcionalidad cognitiva típica (sin discapacidad)	Típica	Hombre	Masculino	Heterosexual	Interés en aprender y descubrir cosas nuevas (orientación al conocimiento).	Adquirir conocimientos.	Quiero desarrollarme y destacar en mi carrera (realización profesional).	V media	Visual, media
M113	15	19	17	13	Moderada	Alta	Alta	Baja	2026/04/10 1:22:58 p. m. GMT-4	Publicidad y multimedia 	UCSM	Ciencias sociales y humanidades	Pregrado (o grado universitario)	Al inicio	Privado	No	No	Tercio medio	Sí	Sí	Estudiante universitario joven (16-24 años)	16-24 años	Nivel intermedio: Manejo adecuado de información y recursos digitales	Intermedio	Local (región de Arequipa)	Zona urbana	Sin experiencia de movilidad	Español	Monolingüe	Mestizo	Catolicismo	Nivel C: Ingreso familiar entre S/3,000 y S/5,000	Nivel C	Clase media	Funcionalidad física típica (sin discapacidad)	Funcionalidad cognitiva típica (sin discapacidad)	Típica	Mujer	Femenino	Heterosexual	La carrera que elegí corresponde a mis intereses o pasiones personales (orientación vocacional).	Adquirir conocimientos.	Quiero crear mi propio proyecto o empresa (emprendimiento).	V media	Visual, media
M114	14	13	9	17	Moderada	Baja	Baja	Alta	2026/04/10 1:30:17 p. m. GMT-4	Odontología 	UCSM	Ciencias de la salud	Pregrado (o grado universitario)	Al final	Privado	No	Sí	Tercio medio	Sí	Sí	Estudiante universitario de mediana edad (25-39 años)	25-39 años	Nivel intermedio: Manejo adecuado de información y recursos digitales	Intermedio	Local (región de Arequipa)	Zona urbana	Movilidad local (a otra provincia de la región de Arequipa)	Español	Bilingüe	Mestizo	Deísmo	Nivel C: Ingreso familiar entre S/3,000 y S/5,000	Nivel C	Clase media	Funcionalidad física típica (sin discapacidad)	Trastorno del espectro autista (TEA)	TEA	Hombre	Masculino	Heterosexual	Obtener mejores oportunidades laborales o económicas (expectativa de beneficio económico o laboral).	Adquirir conocimientos.	Quiero crear mi propio proyecto o empresa (emprendimiento).	VARK selectivo	Multimodal (VARK Selectivo)
M115	15	16	15	11	Moderada	Moderada	Alta	Muy baja	2026/04/10 1:31:02 p. m. GMT-4	Enfermería 	UCSM	Ciencias de la salud	Pregrado (o grado universitario)	Al medio	Público	No	No	Tercio medio	No	Sí	Estudiante universitario joven (16-24 años)	16-24 años	Nivel intermedio: Manejo adecuado de información y recursos digitales	Intermedio	Local (región de Arequipa)	Zona rural	Movilidad local (a otra provincia de la región de Arequipa)	Español	Monolingüe	Mestizo	Catolicismo	Nivel B: Ingreso familiar entre S/5,000 y S/25,000	Nivel B	Clase media	Funcionalidad física típica (sin discapacidad)	Dislexia	Dislexia	Mujer	Femenino	Heterosexual	Influencia o expectativas de mi familia o entorno social.	Adquirir conocimientos.	Quiero desarrollarme y destacar en mi carrera (realización profesional).	VARK integrativo	Multimodal (VARK Integrativo)
M116	16	9	13	12	Moderada	Muy baja	Moderada	Baja	2026/04/10 1:42:07 p. m. GMT-4	Ing. Mecatronica 	UCSM	Ingenierías y Tecnologías	Pregrado (o grado universitario)	Al medio	Privado	No	No	Tercio medio	No	Sí	Estudiante universitario joven (16-24 años)	16-24 años	Nivel intermedio: Manejo adecuado de información y recursos digitales	Intermedio	Local (región de Arequipa)	Zona urbana	Sin experiencia de movilidad	Español	Monolingüe	Mestizo	Catolicismo	Nivel C: Ingreso familiar entre S/3,000 y S/5,000	Nivel C	Clase media	Limitaciones visuales	Funcionalidad cognitiva típica (sin discapacidad)	Típica	Mujer	Femenino	Heterosexual	La carrera que elegí corresponde a mis intereses o pasiones personales (orientación vocacional).	Adquirir conocimientos.	Quiero equilibrio entre trabajo, familia y salud (equilibrio vida-trabajo).	VARK	Multimodal (VARK)
M117	12	13	13	14	Baja	Baja	Moderada	Moderada	2026/04/10 1:47:45 p. m. GMT-4	Administración de Empresas 	UCSM	Ciencias económicas, administrativas y empresariales	Pregrado (o grado universitario)	Al inicio	Público	No	No	Tercio superior	No	No	Estudiante universitario joven (16-24 años)	16-24 años	Nivel intermedio: Manejo adecuado de información y recursos digitales	Intermedio	Nacional (otras regiones de Perú)	Zona urbana	Movilidad local (a otra provincia de la región de Arequipa)	Español	Monolingüe	Mestizo	Catolicismo	Nivel C: Ingreso familiar entre S/3,000 y S/5,000	Nivel C	Clase media	Funcionalidad física típica (sin discapacidad)	Funcionalidad cognitiva típica (sin discapacidad)	Típica	Mujer	Femenino	Heterosexual	La carrera que elegí corresponde a mis intereses o pasiones personales (orientación vocacional).	Obtener buenas calificaciones.	Quiero desarrollarme y destacar en mi carrera (realización profesional).	VARK	Multimodal (VARK)
M118	12	20	9	20	Baja	Muy alta	Baja	Muy alta	2026/04/10 1:48:26 p. m. GMT-4	Educación inicial 	UCSM	Ciencias sociales y humanidades	Pregrado (o grado universitario)	Al inicio	Privado	No	No	Tercio superior	No	No	Estudiante universitario joven (16-24 años)	16-24 años	Nivel intermedio: Manejo adecuado de información y recursos digitales	Intermedio	Local (región de Arequipa)	Zona urbana	Sin experiencia de movilidad	Español	Bilingüe	Mestizo	Catolicismo	Nivel C: Ingreso familiar entre S/3,000 y S/5,000	Nivel C	Clase media	Limitaciones visuales	Funcionalidad cognitiva típica (sin discapacidad)	Típica	Mujer	Femenino	Heterosexual	La carrera que elegí corresponde a mis intereses o pasiones personales (orientación vocacional).	Evitar reprobar materias o abandonar los estudios.	Quiero equilibrio entre trabajo, familia y salud (equilibrio vida-trabajo).	K media	Kinestésico, media
M119	12	15	5	14	Baja	Baja	Muy baja	Moderada	2026/04/10 1:57:31 p. m. GMT-4	Ingeniería de inteligencia artificial 	UCSM	Ingenierías y Tecnologías	Pregrado (o grado universitario)	Al inicio	Privado	No	No	Tercio medio	No	Sí	Estudiante universitario joven (16-24 años)	16-24 años	Nivel intermedio: Manejo adecuado de información y recursos digitales	Intermedio	Local (región de Arequipa)	Zona urbana	Sin experiencia de movilidad	Español	Monolingüe	Mestizo	Cristianismo	Nivel C: Ingreso familiar entre S/3,000 y S/5,000	Nivel C	Clase media	Funcionalidad física típica (sin discapacidad)	Funcionalidad cognitiva típica (sin discapacidad)	Típica	Hombre	Masculino	Heterosexual	Obtener mejores oportunidades laborales o económicas (expectativa de beneficio económico o laboral).	Adquirir conocimientos.	Quiero equilibrio entre trabajo, familia y salud (equilibrio vida-trabajo).	R media	Lectura/Escritura, media
M120	11	15	11	12	Baja	Baja	Moderada	Baja	2026/04/10 2:08:52 p. m. GMT-4	Derecho 	UCSM	Ciencias sociales y humanidades	Pregrado (o grado universitario)	Al inicio	Público	Sí	No	Tercio medio	No	No	Estudiante universitario joven (16-24 años)	16-24 años	Nivel intermedio: Manejo adecuado de información y recursos digitales	Intermedio	Local (región de Arequipa)	Zona urbana	Sin experiencia de movilidad	Español	Monolingüe	Mestizo	Catolicismo	Nivel C: Ingreso familiar entre S/3,000 y S/5,000	Nivel C	Clase trabajadora	Limitaciones visuales	Funcionalidad cognitiva típica (sin discapacidad)	Típica	Mujer	Femenino	Heterosexual	La carrera que elegí corresponde a mis intereses o pasiones personales (orientación vocacional).	Usar esta formación para acceder a posgrados o especializaciones.	Quiero continuar con posgrados o especializaciones (estudios avanzados).	K fuerte	Kinestésico, fuerte
M121	15	20	7	18	Moderada	Muy alta	Muy baja	Alta	2026/04/10 2:17:52 p. m. GMT-4	Medicina Humana	UCSM	Ciencias de la salud	Pregrado (o grado universitario)	Al inicio	Privado	No	No	Tercio medio	No	No	Estudiante universitario joven (16-24 años)	16-24 años	Nivel intermedio: Manejo adecuado de información y recursos digitales	Intermedio	Local (región de Arequipa)	Zona urbana	Sin experiencia de movilidad	Español	Monolingüe	Mestizo	Catolicismo	Nivel C: Ingreso familiar entre S/3,000 y S/5,000	Nivel C	Clase media	Funcionalidad física típica (sin discapacidad)	Funcionalidad cognitiva típica (sin discapacidad)	Típica	Mujer	Femenino	Heterosexual	La carrera que elegí corresponde a mis intereses o pasiones personales (orientación vocacional).	Adquirir conocimientos.	Quiero continuar con posgrados o especializaciones (estudios avanzados).	VAR	Multimodal (VAR)
M122	16	15	18	18	Moderada	Baja	Muy alta	Alta	2026/04/10 4:08:34 p. m. GMT-4	Literatura y linguistica	UNSA	Ciencias sociales y humanidades	Pregrado (o grado universitario)	Al medio	Privado	Sí	Sí	Tercio medio	No	No	Estudiante universitario joven (16-24 años)	16-24 años	Nivel intermedio: Manejo adecuado de información y recursos digitales	Intermedio	Local (región de Arequipa)	Zona urbana	Sin experiencia de movilidad	Español	Bilingüe	Mestizo	Catolicismo	Nivel E: Ingreso familiar menor a S/1,300	Nivel E	Clase trabajadora	Funcionalidad física típica (sin discapacidad)	Funcionalidad cognitiva típica (sin discapacidad)	Típica	Mujer	Femenino	Heterosexual	Evitar el desempleo o quedarme rezagado frente a mis pares (evitar consecuencias negativas).	Hacer vínculos y contactos útiles.	Quiero vivir, estudiar o trabajar en otros países (experiencia internacional).	A fuerte	Auditivo, fuerte
M123	16	17	9	15	Moderada	Moderada	Baja	Moderada	2026/04/10 4:11:57 p. m. GMT-4	Ingeniería mecánica 	UNSA	Ingenierías y Tecnologías	Pregrado (o grado universitario)	Al final	Público	Sí	No	Tercio superior	No	Sí	Estudiante universitario joven (16-24 años)	16-24 años	Nivel intermedio: Manejo adecuado de información y recursos digitales	Intermedio	Local (región de Arequipa)	Zona rural	Movilidad nacional (a otra región o ciudad de Perú)	Español	Monolingüe	Mestizo	Cristianismo	Nivel E: Ingreso familiar menor a S/1,300	Nivel E	Clase trabajadora	Funcionalidad física típica (sin discapacidad)	Funcionalidad cognitiva típica (sin discapacidad)	Típica	Mujer	Femenino	Heterosexual	La carrera que elegí corresponde a mis intereses o pasiones personales (orientación vocacional).	Adquirir conocimientos.	Quiero desarrollarme y destacar en mi carrera (realización profesional).	K fuerte	Kinestésico, fuerte
M124	9	10	15	6	Muy baja	Muy baja	Alta	Muy baja	2026/04/10 4:16:15 p. m. GMT-4	Ingeniería Mecánica 	UNSA	Ingenierías y Tecnologías	Pregrado (o grado universitario)	Al inicio	Público	Sí	No	Tercio medio	No	Sí	Estudiante universitario joven (16-24 años)	16-24 años	Nivel intermedio: Manejo adecuado de información y recursos digitales	Intermedio	Local (región de Arequipa)	Zona urbana	Movilidad local (a otra provincia de la región de Arequipa)	Español	Monolingüe	Mestizo	Catolicismo	Nivel C: Ingreso familiar entre S/3,000 y S/5,000	Nivel C	Clase trabajadora	Limitaciones visuales	Funcionalidad cognitiva típica (sin discapacidad)	Típica	Hombre	Masculino	Heterosexual	Obtener mejores oportunidades laborales o económicas (expectativa de beneficio económico o laboral).	Evitar reprobar materias o abandonar los estudios.	Quiero crear mi propio proyecto o empresa (emprendimiento).	AK	Multimodal (AK)
M125	8	9	5	10	Muy baja	Muy baja	Muy baja	Muy baja	2026/04/10 4:16:29 p. m. GMT-4	Economía 	UNSA	Ciencias económicas, administrativas y empresariales	Pregrado (o grado universitario)	Al final	Privado	Sí	No	Tercio superior	No	No	Estudiante universitario joven (16-24 años)	16-24 años	Nivel intermedio: Manejo adecuado de información y recursos digitales	Intermedio	Local (región de Arequipa)	Zona urbana	Sin experiencia de movilidad	Español	Bilingüe	Mestizo	Catolicismo	Nivel B: Ingreso familiar entre S/5,000 y S/25,000	Nivel B	Clase media	Funcionalidad física típica (sin discapacidad)	Funcionalidad cognitiva típica (sin discapacidad)	Típica	Hombre	Masculino	Heterosexual	Interés en aprender y descubrir cosas nuevas (orientación al conocimiento).	Evitar reprobar materias o abandonar los estudios.	Quiero crear mi propio proyecto o empresa (emprendimiento).		
M126	12	18	13	16	Baja	Alta	Moderada	Moderada	2026/04/10 4:17:25 p. m. GMT-4	Psicología 	UNSA	Ciencias de la salud	Pregrado (o grado universitario)	Al final	Público	Sí	No	Tercio superior	No	No	Estudiante universitario joven (16-24 años)	16-24 años	Nivel intermedio: Manejo adecuado de información y recursos digitales	Intermedio	Local (región de Arequipa)	Zona urbana	Sin experiencia de movilidad	Español	Bilingüe	Mestizo	Protestantismo (evangélicos y pentecostalismo)	Nivel C: Ingreso familiar entre S/3,000 y S/5,000	Nivel C	Clase trabajadora	Funcionalidad física típica (sin discapacidad)	Funcionalidad cognitiva típica (sin discapacidad)	Típica	Mujer	Femenino	Heterosexual	Evitar el desempleo o quedarme rezagado frente a mis pares (evitar consecuencias negativas).	Adquirir conocimientos.	Quiero estabilidad material y financiera (seguridad económica).	K muy fuerte	Kinestésico, muy fuerte
M127	19	18	11	18	Muy alta	Alta	Moderada	Alta	2026/04/10 4:18:17 p. m. GMT-4	Ingeniería Civil	UNSA	Ingenierías y Tecnologías	Pregrado (o grado universitario)	Al inicio	Privado	Sí	No	Tercio superior	No	No	Estudiante universitario joven (16-24 años)	16-24 años	Nivel intermedio: Manejo adecuado de información y recursos digitales	Intermedio	Nacional (otras regiones de Perú)	Zona urbana	Movilidad nacional (a otra región o ciudad de Perú)	Español	Bilingüe	Mestizo	Catolicismo	Nivel C: Ingreso familiar entre S/3,000 y S/5,000	Nivel C	Clase media	Limitaciones visuales	Funcionalidad cognitiva típica (sin discapacidad)	Típica	Hombre	Masculino	Heterosexual	La carrera que elegí corresponde a mis intereses o pasiones personales (orientación vocacional).	Usar esta formación para acceder a posgrados o especializaciones.	Quiero desarrollarme y destacar en mi carrera (realización profesional).	VK	Multimodal (VK)
M128	13	16	8	12	Moderada	Moderada	Baja	Baja	2026/04/10 4:19:48 p. m. GMT-4	Ingeniería Geológica 	UNSA	Ingenierías y Tecnologías	Pregrado (o grado universitario)	Al inicio	Público	No	No	Tercio superior	No	Sí	Estudiante universitario joven (16-24 años)	16-24 años	Nivel bajo: Conocimiento y manejo limitado de herramientas digitales	Bajo	Nacional (otras regiones de Perú)	Zona rural	Movilidad nacional (a otra región o ciudad de Perú)	Español	Monolingüe	Mestizo	Ateísmo	Nivel C: Ingreso familiar entre S/3,000 y S/5,000	Nivel C	Clase trabajadora	Funcionalidad física típica (sin discapacidad)	Funcionalidad cognitiva típica (sin discapacidad)	Típica	Hombre	Masculino	Heterosexual	Superación personal y alcanzar metas propias.	Adquirir conocimientos.	Quiero estabilidad material y financiera (seguridad económica).	VARK	Multimodal (VARK)
M129	15	14	7	12	Moderada	Baja	Muy baja	Baja	2026/04/10 4:23:18 p. m. GMT-4	Artes especialidad en música	UNSA	Artes y diseño	Pregrado (o grado universitario)	Al inicio	Privado	Sí	Sí	Tercio superior	No	No	Estudiante universitario joven (16-24 años)	16-24 años	Nivel bajo: Conocimiento y manejo limitado de herramientas digitales	Bajo	Nacional (otras regiones de Perú)	Zona urbana	Movilidad local (a otra provincia de la región de Arequipa)	Español	Bilingüe	Mestizo	Catolicismo	Nivel D: Ingreso familiar entre S/1,300 y S/3,000	Nivel D	Clase trabajadora	Funcionalidad física típica (sin discapacidad)	Funcionalidad cognitiva típica (sin discapacidad)	Típica	Mujer	Femenino		Interés en aprender y descubrir cosas nuevas (orientación al conocimiento).	Adquirir conocimientos.	Quiero equilibrio entre trabajo, familia y salud (equilibrio vida-trabajo).	VK	Multimodal (VK)
M130	16	18	9	16	Moderada	Alta	Baja	Moderada	2026/04/10 4:24:22 p. m. GMT-4	Banca y Seguros 	UNSA	Ciencias económicas, administrativas y empresariales	Pregrado (o grado universitario)	Al inicio	Privado	Sí	Sí	Tercio inferior	Sí	Sí	Estudiante universitario joven (16-24 años)	16-24 años	Nivel intermedio: Manejo adecuado de información y recursos digitales	Intermedio	Local (región de Arequipa)	Zona rural	Movilidad local (a otra provincia de la región de Arequipa)	Español	Monolingüe	Mestizo	Ateísmo	Nivel B: Ingreso familiar entre S/5,000 y S/25,000	Nivel B	Clase trabajadora	Funcionalidad física típica (sin discapacidad)	Funcionalidad cognitiva típica (sin discapacidad)	Típica	Hombre	Masculino	Heterosexual	Obtener mejores oportunidades laborales o económicas (expectativa de beneficio económico o laboral).	Adquirir conocimientos.	Quiero desarrollarme y destacar en mi carrera (realización profesional).	VARK	Multimodal (VARK)
M131	18	19	11	18	Alta	Alta	Moderada	Alta	2026/04/10 4:27:17 p. m. GMT-4	Ingenieria de Industrias Alimentarias & Ingenieria Ambiental	UNSA	Ingenierías y Tecnologías	Pregrado (o grado universitario)	Al medio	Privado	Sí	Sí	Tercio superior	No	No	Estudiante universitario joven (16-24 años)	16-24 años	Nivel intermedio: Manejo adecuado de información y recursos digitales	Intermedio	Local (región de Arequipa)	Zona urbana	Sin experiencia de movilidad	Español	Bilingüe	Mestizo	Catolicismo	Nivel D: Ingreso familiar entre S/1,300 y S/3,000	Nivel D	Clase media	Funcionalidad física típica (sin discapacidad)	Funcionalidad cognitiva típica (sin discapacidad)	Típica	Mujer	Femenino	Heterosexual	La carrera que elegí corresponde a mis intereses o pasiones personales (orientación vocacional).	Adquirir conocimientos.	Quiero vivir, estudiar o trabajar en otros países (experiencia internacional).	VARK	Multimodal (VARK)
M132	12	16	11	16	Baja	Moderada	Moderada	Moderada	2026/04/10 4:27:50 p. m. GMT-4	Psicología	UNSA	Ciencias de la salud	Pregrado (o grado universitario)	Al medio	Público	Sí	Sí	Tercio superior	No	Sí	Estudiante universitario joven (16-24 años)	16-24 años	Nivel intermedio: Manejo adecuado de información y recursos digitales	Intermedio	Local (región de Arequipa)	Zona urbana	Movilidad nacional (a otra región o ciudad de Perú)	Español	Bilingüe	Indígena Quechua	Catolicismo	Nivel C: Ingreso familiar entre S/3,000 y S/5,000	Nivel C	Clase trabajadora	Limitaciones visuales	Funcionalidad cognitiva típica (sin discapacidad)	Típica	Mujer	Femenino	Bisexual	Interés en aprender y descubrir cosas nuevas (orientación al conocimiento).	Recibir distinciones o premios académicos.	Quiero crear mi propio proyecto o empresa (emprendimiento).	VRK	Multimodal (VRK)
M133	15	18	12	17	Moderada	Alta	Moderada	Alta	2026/04/10 4:34:22 p. m. GMT-4	Economía 	UNSA	Ciencias económicas, administrativas y empresariales	Pregrado (o grado universitario)	Al final	Público	Sí	No	Tercio medio	No	No	Estudiante universitario joven (16-24 años)	16-24 años	Nivel intermedio: Manejo adecuado de información y recursos digitales	Intermedio	Local (región de Arequipa)	Zona urbana	Sin experiencia de movilidad	Español	Monolingüe	Mestizo	Catolicismo	Nivel B: Ingreso familiar entre S/5,000 y S/25,000	Nivel B	Clase media	Funcionalidad física típica (sin discapacidad)	Trastorno por déficit de atención con hiperactividad (TDAH)	TDAH	Hombre	Masculino	Heterosexual	Interés en aprender y descubrir cosas nuevas (orientación al conocimiento).	Adquirir conocimientos.	Quiero equilibrio entre trabajo, familia y salud (equilibrio vida-trabajo).	K fuerte	Kinestésico, fuerte
M134	12	12	14	10	Baja	Muy baja	Alta	Muy baja	2026/04/10 4:35:56 p. m. GMT-4	Pregrado / Filosofía 	UNSA	Ciencias sociales y humanidades	Pregrado (o grado universitario)	Al inicio	Privado	Sí	No	Tercio superior	No	No	Estudiante universitario joven (16-24 años)	16-24 años	Nivel intermedio: Manejo adecuado de información y recursos digitales	Intermedio	Local (región de Arequipa)	Zona urbana	Sin experiencia de movilidad	Español	Monolingüe	Mestizo	Catolicismo	Nivel B: Ingreso familiar entre S/5,000 y S/25,000	Nivel B	Clase trabajadora	Funcionalidad física típica (sin discapacidad)	Funcionalidad cognitiva típica (sin discapacidad)	Típica	Hombre	Masculino	Heterosexual	Interés en aprender y descubrir cosas nuevas (orientación al conocimiento).	Recibir distinciones o premios académicos.	Quiero equilibrio entre trabajo, familia y salud (equilibrio vida-trabajo).	VAK	Multimodal (VAK)
M135	10	17	8	13	Muy baja	Moderada	Baja	Baja	2026/04/10 4:36:26 p. m. GMT-4	Administración de Empresas 	UNSA	Ciencias económicas, administrativas y empresariales	Pregrado (o grado universitario)	Al inicio	Público	Sí	No	Tercio medio	No	No	Estudiante universitario joven (16-24 años)	16-24 años	Nivel bajo: Conocimiento y manejo limitado de herramientas digitales	Bajo	Nacional (otras regiones de Perú)	Capital de país	Movilidad nacional (a otra región o ciudad de Perú)	Español	Monolingüe	Mestizo	Protestantismo (evangélicos y pentecostalismo)	Nivel D: Ingreso familiar entre S/1,300 y S/3,000	Nivel D	Clase trabajadora	Funcionalidad física típica (sin discapacidad)	Funcionalidad cognitiva típica (sin discapacidad)	Típica	Hombre	Masculino	Heterosexual	Superación personal y alcanzar metas propias.	Adquirir conocimientos.	Quiero crear mi propio proyecto o empresa (emprendimiento).	VARK integrativo	Multimodal (VARK Integrativo)
M136	17	17	9	19	Alta	Moderada	Baja	Muy alta	2026/04/10 4:36:35 p. m. GMT-4	Ingenieria de minas	UNSA	Ingenierías y Tecnologías	Pregrado (o grado universitario)	Al inicio	Privado	Sí	No	Tercio superior	No	Sí	Estudiante universitario joven (16-24 años)	16-24 años	Nivel intermedio: Manejo adecuado de información y recursos digitales	Intermedio	Local (región de Arequipa)	Zona urbana	Sin experiencia de movilidad	Español	Bilingüe	Indígena Quechua	Catolicismo	Nivel D: Ingreso familiar entre S/1,300 y S/3,000	Nivel D	Clase media	Limitaciones visuales	Funcionalidad cognitiva típica (sin discapacidad)	Típica	Hombre	Masculino	Heterosexual	Obtener mejores oportunidades laborales o económicas (expectativa de beneficio económico o laboral).	Obtener buenas calificaciones.	Quiero continuar con posgrados o especializaciones (estudios avanzados).	V fuerte	Visual, fuerte
M137	14	19	12	13	Moderada	Alta	Moderada	Baja	2026/04/10 4:40:54 p. m. GMT-4	Ingeniería pesquera 	UNSA	Ingenierías y Tecnologías	Pregrado (o grado universitario)	Al inicio	Público	Sí	No	Tercio medio	No	Sí	Estudiante universitario joven (16-24 años)	16-24 años	Nivel intermedio: Manejo adecuado de información y recursos digitales	Intermedio	Nacional (otras regiones de Perú)	Zona urbana	Movilidad nacional (a otra región o ciudad de Perú)	Quechua	Bilingüe	Indígena Quechua	Ninguna	Nivel E: Ingreso familiar menor a S/1,300	Nivel E	Clase trabajadora	Funcionalidad física típica (sin discapacidad)	Funcionalidad cognitiva típica (sin discapacidad)	Típica	Hombre	Masculino	Heterosexual	Interés en aprender y descubrir cosas nuevas (orientación al conocimiento).	Adquirir conocimientos.	Quiero vivir, estudiar o trabajar en otros países (experiencia internacional).	VARK	Multimodal (VARK)
M138	18	18	15	14	Alta	Alta	Alta	Moderada	2026/04/10 4:42:11 p. m. GMT-4	Biología 	UNSA	Ciencias naturales y exactas	Pregrado (o grado universitario)	Al inicio	Público	No	No	Tercio superior	No	No	Estudiante universitario joven (16-24 años)	16-24 años	Nivel intermedio: Manejo adecuado de información y recursos digitales	Intermedio	Local (región de Arequipa)	Zona urbana	Sin experiencia de movilidad	Español	Multilingüe	Mestizo	Catolicismo	Nivel C: Ingreso familiar entre S/3,000 y S/5,000	Nivel C	Clase media	Funcionalidad física típica (sin discapacidad)	Funcionalidad cognitiva típica (sin discapacidad)	Típica	Mujer	Femenino	Bisexual	La carrera que elegí corresponde a mis intereses o pasiones personales (orientación vocacional).	Adquirir conocimientos.	Quiero vivir, estudiar o trabajar en otros países (experiencia internacional).	ARK	Multimodal (ARK)
M139	10	12	16	13	Muy baja	Muy baja	Alta	Baja	2026/04/10 4:43:13 p. m. GMT-4	Fisica	UNSA	Ciencias naturales y exactas	Pregrado (o grado universitario)	Al final	Público	No	No	Tercio inferior	No	No	Estudiante universitario joven (16-24 años)	16-24 años	Nivel intermedio: Manejo adecuado de información y recursos digitales	Intermedio	Nacional (otras regiones de Perú)	Zona rural	Movilidad nacional (a otra región o ciudad de Perú)	Español	Monolingüe	Mestizo	Existencialista	Nivel B: Ingreso familiar entre S/5,000 y S/25,000	Nivel B	Clase trabajadora	Funcionalidad física típica (sin discapacidad)	Otras formas de neurodiversidad	Otras	Hombre	Masculino	Heterosexual	Interés en aprender y descubrir cosas nuevas (orientación al conocimiento).	Adquirir conocimientos.	Quiero continuar con posgrados o especializaciones (estudios avanzados).	R muy fuerte	Lectura/Escritura, muy fuerte
M140	16	14	6	16	Moderada	Baja	Muy baja	Moderada	2026/04/10 4:44:04 p. m. GMT-4	Ingeniería de Minas	UNSA	Ingenierías y Tecnologías	Pregrado (o grado universitario)	Al medio	Público	No	No	Tercio superior	No	Sí	Estudiante universitario joven (16-24 años)	16-24 años	Nivel alto: Dominio avanzado de competencias digitales	Alto	Local (región de Arequipa)	Zona urbana	Sin experiencia de movilidad	Español	Bilingüe	Mestizo	Catolicismo	Nivel D: Ingreso familiar entre S/1,300 y S/3,000	Nivel D	Clase media	Funcionalidad física típica (sin discapacidad)	Funcionalidad cognitiva típica (sin discapacidad)	Típica	Hombre	Masculino	Heterosexual	Obtener mejores oportunidades laborales o económicas (expectativa de beneficio económico o laboral).	Recibir distinciones o premios académicos.	Quiero estabilidad material y financiera (seguridad económica).	RK	Multimodal (RK)
M141	11	19	8	18	Baja	Alta	Baja	Alta	2026/04/10 4:45:19 p. m. GMT-4	Ingeniería Civil 	UNSA	Ingenierías y Tecnologías	Pregrado (o grado universitario)	Al inicio	Público	Sí	No	Tercio superior	No	No	Estudiante universitario joven (16-24 años)	16-24 años	Nivel intermedio: Manejo adecuado de información y recursos digitales	Intermedio	Local (región de Arequipa)	Zona urbana	Sin experiencia de movilidad	Español	Monolingüe	Mestizo	Agnosticismo	Nivel E: Ingreso familiar menor a S/1,300	Nivel E	Clase media	Funcionalidad física típica (sin discapacidad)	Funcionalidad cognitiva típica (sin discapacidad)	Típica	Hombre	Masculino	Heterosexual	Obtener mejores oportunidades laborales o económicas (expectativa de beneficio económico o laboral).	Obtener buenas calificaciones.	Quiero continuar con posgrados o especializaciones (estudios avanzados).	VARK	Multimodal (VARK)
M142	10	17	8	15	Muy baja	Moderada	Baja	Moderada	2026/04/10 4:48:44 p. m. GMT-4	Ciencias de la comunicación - periodismo 	UNSA	Ciencias sociales y humanidades	Pregrado (o grado universitario)	Al inicio	Público	Sí	No	Tercio superior	Sí	Sí	Estudiante universitario joven (16-24 años)	16-24 años	Nivel bajo: Conocimiento y manejo limitado de herramientas digitales	Bajo	Nacional (otras regiones de Perú)	Zona rural	Movilidad nacional (a otra región o ciudad de Perú)	Español	Bilingüe	Mestizo	Catolicismo	Nivel D: Ingreso familiar entre S/1,300 y S/3,000	Nivel D	Subclase o clase popular	Funcionalidad física típica (sin discapacidad)	Funcionalidad cognitiva típica (sin discapacidad)	Típica	Mujer	Femenino	Heterosexual	Interés en aprender y descubrir cosas nuevas (orientación al conocimiento).	Usar esta formación para acceder a posgrados o especializaciones.	Quiero vivir, estudiar o trabajar en otros países (experiencia internacional).	RK	Multimodal (RK)
M143	13	15	7	13	Moderada	Baja	Muy baja	Baja	2026/04/10 4:49:10 p. m. GMT-4	Biología 	UNSA	Ciencias naturales y exactas	Pregrado (o grado universitario)	Al inicio	Privado	Sí	No	Tercio superior	No	Sí	Estudiante universitario joven (16-24 años)	16-24 años	Nivel alto: Dominio avanzado de competencias digitales	Alto	Extranjero (otro país)	Zona urbana	Movilidad internacional (a otro país)	Español	Multilingüe	Mestizo	Catolicismo	Nivel D: Ingreso familiar entre S/1,300 y S/3,000	Nivel D	Clase media	Funcionalidad física típica (sin discapacidad)	Funcionalidad cognitiva típica (sin discapacidad)	Típica	Mujer	Femenino	Heterosexual	La carrera que elegí corresponde a mis intereses o pasiones personales (orientación vocacional).	Usar esta formación para acceder a posgrados o especializaciones.	Quiero equilibrio entre trabajo, familia y salud (equilibrio vida-trabajo).	VARK integrativo	Multimodal (VARK Integrativo)
M144	16	16	7	13	Moderada	Moderada	Muy baja	Baja	2026/04/10 4:50:54 p. m. GMT-4	Ing. de Materiales	UNSA	Ingenierías y Tecnologías	Pregrado (o grado universitario)	Al inicio	Público	Sí	Sí	Tercio medio	No	No	Estudiante universitario joven (16-24 años)	16-24 años	Nivel intermedio: Manejo adecuado de información y recursos digitales	Intermedio	Local (región de Arequipa)	Zona urbana	Movilidad nacional (a otra región o ciudad de Perú)	Español	Monolingüe	Mestizo	Catolicismo	Nivel E: Ingreso familiar menor a S/1,300	Nivel E	Clase media	Funcionalidad física típica (sin discapacidad)	Funcionalidad cognitiva típica (sin discapacidad)	Típica	Mujer	Femenino	Heterosexual	Influencia o expectativas de mi familia o entorno social.	Hacer vínculos y contactos útiles.	Quiero crear mi propio proyecto o empresa (emprendimiento).	RK	Multimodal (RK)
M145	15	16	8	15	Moderada	Moderada	Baja	Moderada	2026/04/10 4:54:29 p. m. GMT-4	Ingeniería de minas	UNSA	Ingenierías y Tecnologías	Pregrado (o grado universitario)	Al inicio	Público	Sí	No	Tercio superior	No	Sí	Estudiante universitario joven (16-24 años)	16-24 años	Nivel intermedio: Manejo adecuado de información y recursos digitales	Intermedio	Local (región de Arequipa)	Zona urbana	Sin experiencia de movilidad	Español	Monolingüe	Mestizo	Catolicismo	Nivel D: Ingreso familiar entre S/1,300 y S/3,000	Nivel D	Clase trabajadora	Funcionalidad física típica (sin discapacidad)	Funcionalidad cognitiva típica (sin discapacidad)	Típica	Hombre	Masculino	Heterosexual	Obtener mejores oportunidades laborales o económicas (expectativa de beneficio económico o laboral).	Recibir distinciones o premios académicos.	Quiero desarrollarme y destacar en mi carrera (realización profesional).	VARK	Multimodal (VARK)
M146	13	17	5	16	Moderada	Moderada	Muy baja	Moderada	2026/04/10 4:55:52 p. m. GMT-4	Ciencia de la computación 	UNSA	Ingenierías y Tecnologías	Pregrado (o grado universitario)	Al inicio	Privado	No	No	Tercio superior	No	No	Estudiante universitario joven (16-24 años)	16-24 años	Nivel bajo: Conocimiento y manejo limitado de herramientas digitales	Bajo	Local (región de Arequipa)	Zona urbana	Movilidad nacional (a otra región o ciudad de Perú)	Español	Bilingüe	Mestizo	Catolicismo	Nivel B: Ingreso familiar entre S/5,000 y S/25,000	Nivel B	Clase media	Funcionalidad física típica (sin discapacidad)	Funcionalidad cognitiva típica (sin discapacidad)	Típica	Mujer	Femenino	Heterosexual	Obtener mejores oportunidades laborales o económicas (expectativa de beneficio económico o laboral).	Usar esta formación para acceder a posgrados o especializaciones.	Quiero continuar con posgrados o especializaciones (estudios avanzados).	AK	Multimodal (AK)
M147	14	16	11	15	Moderada	Moderada	Moderada	Moderada	2026/04/10 4:57:48 p. m. GMT-4	Ingeniería Industrial 	UNSA	Ingenierías y Tecnologías	Pregrado (o grado universitario)	Al medio	Privado	Sí	No	Tercio inferior	No	No	Estudiante universitario joven (16-24 años)	16-24 años	Nivel bajo: Conocimiento y manejo limitado de herramientas digitales	Bajo	Local (región de Arequipa)	Zona urbana	Sin experiencia de movilidad	Español	Monolingüe	Blanco	Catolicismo	Nivel D: Ingreso familiar entre S/1,300 y S/3,000	Nivel D	Clase media	Funcionalidad física típica (sin discapacidad)	Trastorno por déficit de atención con hiperactividad (TDAH)	TDAH	Mujer	Femenino	Bisexual	La carrera que elegí corresponde a mis intereses o pasiones personales (orientación vocacional).	Evitar reprobar materias o abandonar los estudios.	Quiero crear mi propio proyecto o empresa (emprendimiento).	VARK	Multimodal (VARK)
M148	13	15	8	13	Moderada	Baja	Baja	Baja	2026/04/10 4:59:08 p. m. GMT-4	Administración 	UNSA	Ciencias económicas, administrativas y empresariales	Pregrado (o grado universitario)	Al inicio	Público	Sí	No	Tercio medio	Sí	Sí	Estudiante universitario joven (16-24 años)	16-24 años	Nivel intermedio: Manejo adecuado de información y recursos digitales	Intermedio	Local (región de Arequipa)	Zona urbana	Sin experiencia de movilidad	Español	Monolingüe	Mestizo	Catolicismo	Nivel C: Ingreso familiar entre S/3,000 y S/5,000	Nivel C	Clase trabajadora	Limitaciones visuales	Funcionalidad cognitiva típica (sin discapacidad)	Típica	Hombre	Masculino	Heterosexual	La carrera que elegí corresponde a mis intereses o pasiones personales (orientación vocacional).	Usar esta formación para acceder a posgrados o especializaciones.	Quiero vivir, estudiar o trabajar en otros países (experiencia internacional).	AK	Multimodal (AK)
M149	16	18	12	14	Moderada	Alta	Moderada	Moderada	2026/04/10 5:05:56 p. m. GMT-4	Ing. De Minas	UNSA	Ingenierías y Tecnologías	Pregrado (o grado universitario)	Al medio	Privado	Sí	No	Tercio superior	No	No	Estudiante universitario joven (16-24 años)	16-24 años	Nivel intermedio: Manejo adecuado de información y recursos digitales	Intermedio	Local (región de Arequipa)	Zona urbana	Sin experiencia de movilidad	Español	Monolingüe	Mestizo	Catolicismo	Nivel D: Ingreso familiar entre S/1,300 y S/3,000	Nivel D	Clase trabajadora	Limitaciones visuales	Funcionalidad cognitiva típica (sin discapacidad)	Típica	Hombre	Masculino	Heterosexual	Obtener mejores oportunidades laborales o económicas (expectativa de beneficio económico o laboral).	Adquirir conocimientos.	Quiero equilibrio entre trabajo, familia y salud (equilibrio vida-trabajo).	VAK	Multimodal (VAK)
M150	16	15	17	13	Moderada	Baja	Alta	Baja	2026/04/10 5:06:45 p. m. GMT-4	Economía 	UNSA	Ciencias económicas, administrativas y empresariales	Pregrado (o grado universitario)	Al inicio	Privado	Sí	Sí	Tercio superior	Sí	No	Estudiante universitario joven (16-24 años)	16-24 años	Nivel bajo: Conocimiento y manejo limitado de herramientas digitales	Bajo	Nacional (otras regiones de Perú)	Zona urbana	Movilidad nacional (a otra región o ciudad de Perú)	Español	Monolingüe	Mestizo	Catolicismo	Nivel D: Ingreso familiar entre S/1,300 y S/3,000	Nivel D	Subclase o clase popular	Funcionalidad física típica (sin discapacidad)	Trastorno por déficit de atención con hiperactividad (TDAH)	TDAH	Mujer	Femenino	Heterosexual	Evitar el desempleo o quedarme rezagado frente a mis pares (evitar consecuencias negativas).	Usar esta formación para acceder a posgrados o especializaciones.	Quiero continuar con posgrados o especializaciones (estudios avanzados).	VA	Multimodal (VA)
M151	14	18	11	20	Moderada	Alta	Moderada	Muy alta	2026/04/10 5:12:40 p. m. GMT-4	Marketing 	UNSA	Ciencias económicas, administrativas y empresariales	Pregrado (o grado universitario)	Al inicio	Público	No	No	Tercio superior	No	No	Estudiante universitario joven (16-24 años)	16-24 años	Nivel intermedio: Manejo adecuado de información y recursos digitales	Intermedio	Local (región de Arequipa)	Zona rural	Sin experiencia de movilidad	Español	Bilingüe	Mestizo	Catolicismo	Nivel E: Ingreso familiar menor a S/1,300	Nivel E	Clase trabajadora	Funcionalidad física típica (sin discapacidad)	Funcionalidad cognitiva típica (sin discapacidad)	Típica	Mujer	Femenino	Heterosexual	La carrera que elegí corresponde a mis intereses o pasiones personales (orientación vocacional).	Usar esta formación para acceder a posgrados o especializaciones.	Quiero desarrollarme y destacar en mi carrera (realización profesional).	AK	Multimodal (AK)
M152	15	17	11	12	Moderada	Moderada	Moderada	Baja	2026/04/10 5:16:58 p. m. GMT-4	Economía	UNSA	Ciencias económicas, administrativas y empresariales	Pregrado (o grado universitario)	Al inicio	Privado	Sí	No	Tercio superior	No	No	Estudiante universitario joven (16-24 años)	16-24 años	Nivel alto: Dominio avanzado de competencias digitales	Alto	Nacional (otras regiones de Perú)	Zona urbana	Movilidad local (a otra provincia de la región de Arequipa)	Español	Bilingüe	Mestizo	Catolicismo	Nivel C: Ingreso familiar entre S/3,000 y S/5,000	Nivel C	Clase trabajadora	Limitaciones visuales	Trastorno por déficit de atención con hiperactividad (TDAH)	TDAH	Mujer	Femenino	Heterosexual	Superación personal y alcanzar metas propias.	Obtener buenas calificaciones.	Quiero continuar con posgrados o especializaciones (estudios avanzados).	VRK	Multimodal (VRK)
M153	14	16	15	19	Moderada	Moderada	Alta	Muy alta	2026/04/10 5:21:28 p. m. GMT-4	Ingeniería Electrónica	UNSA	Ingenierías y Tecnologías	Pregrado (o grado universitario)	Al medio	Público	No	No	Tercio medio	Sí	Sí	Estudiante universitario de mediana edad (25-39 años)	25-39 años	Nivel intermedio: Manejo adecuado de información y recursos digitales	Intermedio	Local (región de Arequipa)	Zona urbana	Movilidad local (a otra provincia de la región de Arequipa)	Español	Monolingüe	Indígena Aymara	Agnosticismo	Nivel C: Ingreso familiar entre S/3,000 y S/5,000	Nivel C	Clase trabajadora	Funcionalidad física típica (sin discapacidad)	Funcionalidad cognitiva típica (sin discapacidad)	Típica	Hombre	Masculino	Heterosexual	Obtener mejores oportunidades laborales o económicas (expectativa de beneficio económico o laboral).	Hacer vínculos y contactos útiles.	Quiero crear mi propio proyecto o empresa (emprendimiento).	VAK	Multimodal (VAK)
M154	10	13	10	11	Muy baja	Baja	Moderada	Muy baja	2026/04/10 5:21:44 p. m. GMT-4	Física 	UNSA	Ciencias naturales y exactas	Pregrado (o grado universitario)	Al inicio	Privado	Sí	No	Tercio superior	No	No	Estudiante universitario joven (16-24 años)	16-24 años	Nivel intermedio: Manejo adecuado de información y recursos digitales	Intermedio	Local (región de Arequipa)	Zona rural	Movilidad local (a otra provincia de la región de Arequipa)	Español	Monolingüe	Mestizo	Catolicismo	Nivel E: Ingreso familiar menor a S/1,300	Nivel E	Clase trabajadora	Funcionalidad física típica (sin discapacidad)	Funcionalidad cognitiva típica (sin discapacidad)	Típica	Mujer	Femenino	Heterosexual	La carrera que elegí corresponde a mis intereses o pasiones personales (orientación vocacional).	Recibir distinciones o premios académicos.	Quiero vivir, estudiar o trabajar en otros países (experiencia internacional).	K muy fuerte	Kinestésico, muy fuerte
M155	14	13	10	11	Moderada	Baja	Moderada	Muy baja	2026/04/10 5:24:05 p. m. GMT-4	Ing. Química	UNSA	Ingenierías y Tecnologías	Pregrado (o grado universitario)	Al inicio	Privado	Sí	No	Tercio medio	No	No	Estudiante universitario joven (16-24 años)	16-24 años	Nivel intermedio: Manejo adecuado de información y recursos digitales	Intermedio	Local (región de Arequipa)	Zona urbana	Sin experiencia de movilidad	Español	Bilingüe	Mestizo	Catolicismo	Nivel D: Ingreso familiar entre S/1,300 y S/3,000	Nivel D	Clase media	Funcionalidad física típica (sin discapacidad)	Funcionalidad cognitiva típica (sin discapacidad)	Típica	Mujer	Femenino	Bisexual	Obtener mejores oportunidades laborales o económicas (expectativa de beneficio económico o laboral).	Recibir distinciones o premios académicos.	Quiero continuar con posgrados o especializaciones (estudios avanzados).	VARK	Multimodal (VARK)
M156	14	10	13	11	Moderada	Muy baja	Moderada	Muy baja	2026/04/10 5:25:24 p. m. GMT-4	Ing agronomica	UNSA	Ciencias naturales y exactas	Pregrado (o grado universitario)	Al medio	Público	Sí	No	Tercio medio	No	Sí	Estudiante universitario joven (16-24 años)	16-24 años	Nivel intermedio: Manejo adecuado de información y recursos digitales	Intermedio	Local (región de Arequipa)	Zona urbana	Sin experiencia de movilidad	Español	Monolingüe	Mestizo	Testigo de Jehová	Nivel E: Ingreso familiar menor a S/1,300	Nivel E	Clase trabajadora	Funcionalidad física típica (sin discapacidad)	Funcionalidad cognitiva típica (sin discapacidad)	Típica	Hombre	Masculino	Heterosexual	Obtener mejores oportunidades laborales o económicas (expectativa de beneficio económico o laboral).	Usar esta formación para acceder a posgrados o especializaciones.	Quiero estabilidad material y financiera (seguridad económica).	K fuerte	Kinestésico, fuerte
M157	11	16	7	14	Baja	Moderada	Muy baja	Moderada	2026/04/10 5:25:29 p. m. GMT-4	Ingeniería Pesquera 	UNSA	Ciencias naturales y exactas	Pregrado (o grado universitario)	Al inicio	Privado	Sí	No	Tercio superior	No	No	Estudiante universitario joven (16-24 años)	16-24 años	Nivel intermedio: Manejo adecuado de información y recursos digitales	Intermedio	Local (región de Arequipa)	Zona urbana	Sin experiencia de movilidad	Español	Monolingüe	Mestizo	Catolicismo	Nivel D: Ingreso familiar entre S/1,300 y S/3,000	Nivel D	Clase media	Funcionalidad física típica (sin discapacidad)	Funcionalidad cognitiva típica (sin discapacidad)	Típica	Mujer	Femenino	Heterosexual		Obtener buenas calificaciones.		ARK	Multimodal (ARK)
M158	10	19	12	17	Muy baja	Alta	Moderada	Alta	2026/04/10 5:29:53 p. m. GMT-4	Antropología 	UNSA	Ciencias sociales y humanidades	Pregrado (o grado universitario)	Al medio	Público	Sí	No	Tercio medio	No	Sí	Estudiante universitario joven (16-24 años)	16-24 años	Nivel alto: Dominio avanzado de competencias digitales	Alto	Local (región de Arequipa)	Zona urbana	Sin experiencia de movilidad	Español	Bilingüe	Mestizo	Catolicismo	Nivel C: Ingreso familiar entre S/3,000 y S/5,000	Nivel C	Clase media	Funcionalidad física típica (sin discapacidad)	Funcionalidad cognitiva típica (sin discapacidad)	Típica	Hombre	Masculino	Heterosexual	La carrera que elegí corresponde a mis intereses o pasiones personales (orientación vocacional).	Usar esta formación para acceder a posgrados o especializaciones.	Quiero vivir, estudiar o trabajar en otros países (experiencia internacional).	VARK integrativo	Multimodal (VARK Integrativo)
M159	15	17	10	18	Moderada	Moderada	Moderada	Alta	2026/04/10 5:35:01 p. m. GMT-4	Química	UNSA	Ciencias naturales y exactas	Pregrado (o grado universitario)	Al final	Público	Sí	Sí	Tercio medio	Sí	No	Estudiante universitario de mediana edad (25-39 años)	25-39 años	Nivel intermedio: Manejo adecuado de información y recursos digitales	Intermedio	Local (región de Arequipa)	Zona urbana	Sin experiencia de movilidad	Español	Monolingüe	Mestizo	Agnosticismo	Nivel D: Ingreso familiar entre S/1,300 y S/3,000	Nivel D	Clase media	Funcionalidad física típica (sin discapacidad)	Funcionalidad cognitiva típica (sin discapacidad)	Típica	Mujer	Femenino	Heterosexual	Interés en aprender y descubrir cosas nuevas (orientación al conocimiento).	Usar esta formación para acceder a posgrados o especializaciones.	Quiero desarrollarme y destacar en mi carrera (realización profesional).	VK	Multimodal (VK)
M160	14	16	9	12	Moderada	Moderada	Baja	Baja	2026/04/10 5:39:47 p. m. GMT-4	Ingenieria Eléctrica	UNSA	Ingenierías y Tecnologías	Pregrado (o grado universitario)	Al inicio	Público	Sí	No	Tercio medio	No	No	Estudiante universitario joven (16-24 años)	16-24 años	Nivel intermedio: Manejo adecuado de información y recursos digitales	Intermedio	Local (región de Arequipa)	Zona urbana	Sin experiencia de movilidad	Español	Monolingüe	Mestizo	Catolicismo	Nivel C: Ingreso familiar entre S/3,000 y S/5,000	Nivel C	Clase trabajadora	Funcionalidad física típica (sin discapacidad)	Funcionalidad cognitiva típica (sin discapacidad)	Típica	Hombre	Masculino	Heterosexual	La carrera que elegí corresponde a mis intereses o pasiones personales (orientación vocacional).	Adquirir conocimientos.	Quiero vivir, estudiar o trabajar en otros países (experiencia internacional).	VK	Multimodal (VK)
M161	14	15	13	17	Moderada	Baja	Moderada	Alta	2026/04/10 5:48:25 p. m. GMT-4	Psicologia	UNSA	Ciencias sociales y humanidades	Pregrado (o grado universitario)	Al final	Público	Sí	No	Tercio medio	Sí	Sí	Estudiante universitario de mediana edad (25-39 años)	25-39 años	Nivel intermedio: Manejo adecuado de información y recursos digitales	Intermedio	Nacional (otras regiones de Perú)	Zona rural	Movilidad nacional (a otra región o ciudad de Perú)	Quechua	Multilingüe	Indígena Quechua	Catolicismo	Nivel E: Ingreso familiar menor a S/1,300	Nivel E	Subclase o clase popular	Funcionalidad física típica (sin discapacidad)	Funcionalidad cognitiva típica (sin discapacidad)	Típica	Mujer	Masculino	Heterosexual	La carrera que elegí corresponde a mis intereses o pasiones personales (orientación vocacional).	Usar esta formación para acceder a posgrados o especializaciones.	Quiero continuar con posgrados o especializaciones (estudios avanzados).	R fuerte	Lectura/Escritura, fuerte
M162	11	16	9	12	Baja	Moderada	Baja	Baja	2026/04/10 5:48:35 p. m. GMT-4	Relaciones Industriales 	UNSA	Ciencias económicas, administrativas y empresariales	Pregrado (o grado universitario)	Al medio	Público	Sí	No	Tercio superior	Sí	Sí	Estudiante universitario joven (16-24 años)	16-24 años	Nivel intermedio: Manejo adecuado de información y recursos digitales	Intermedio	Local (región de Arequipa)	Zona urbana	Sin experiencia de movilidad	Español	Monolingüe	Mestizo	Deísmo	Nivel D: Ingreso familiar entre S/1,300 y S/3,000	Nivel D	Clase trabajadora	Funcionalidad física típica (sin discapacidad)	Funcionalidad cognitiva típica (sin discapacidad)	Típica	Mujer	Femenino	Heterosexual	Interés en aprender y descubrir cosas nuevas (orientación al conocimiento).	Adquirir conocimientos.	Quiero desarrollarme y destacar en mi carrera (realización profesional).	K fuerte	Kinestésico, fuerte
M163	11	16	13	13	Baja	Moderada	Moderada	Baja	2026/04/10 6:12:56 p. m. GMT-4	Ing electrónica	UNSA	Ingenierías y Tecnologías	Pregrado (o grado universitario)	Al inicio	Público	No	No	Tercio medio	No	Sí	Estudiante universitario joven (16-24 años)	16-24 años	Nivel intermedio: Manejo adecuado de información y recursos digitales	Intermedio	Local (región de Arequipa)	Zona urbana	Sin experiencia de movilidad	Español	Monolingüe	Mestizo	Catolicismo	Nivel E: Ingreso familiar menor a S/1,300	Nivel E	Clase trabajadora	Limitaciones visuales	Funcionalidad cognitiva típica (sin discapacidad)	Típica	Hombre	Masculino	Bisexual	Obtener mejores oportunidades laborales o económicas (expectativa de beneficio económico o laboral).	Hacer vínculos y contactos útiles.	Quiero equilibrio entre trabajo, familia y salud (equilibrio vida-trabajo).	V media	Visual, media
M164	12	18	9	18	Baja	Alta	Baja	Alta	2026/04/10 6:14:25 p. m. GMT-4	Sociología 	UNSA	Ciencias sociales y humanidades	Pregrado (o grado universitario)	Al final	Público	Sí	No	Tercio superior	No	Sí	Estudiante universitario joven (16-24 años)	16-24 años	Nivel intermedio: Manejo adecuado de información y recursos digitales	Intermedio	Local (región de Arequipa)	Zona urbana	Sin experiencia de movilidad	Español	Bilingüe	Mestizo	Catolicismo	Nivel D: Ingreso familiar entre S/1,300 y S/3,000	Nivel D	Clase trabajadora	Limitaciones visuales	Funcionalidad cognitiva típica (sin discapacidad)	Típica	Hombre	Masculino	Heterosexual	La carrera que elegí corresponde a mis intereses o pasiones personales (orientación vocacional).	Adquirir conocimientos.	Quiero desarrollarme y destacar en mi carrera (realización profesional).	K media	Kinestésico, media
M165	14	18	8	16	Moderada	Alta	Baja	Moderada	2026/04/10 6:22:49 p. m. GMT-4	Ingenieria industrial 	UNSA	Ingenierías y Tecnologías	Pregrado (o grado universitario)	Al medio	Público	No	Sí	Tercio inferior	No	Sí	Estudiante universitario de mediana edad (25-39 años)	25-39 años	Nivel intermedio: Manejo adecuado de información y recursos digitales	Intermedio	Local (región de Arequipa)	Zona urbana	Movilidad nacional (a otra región o ciudad de Perú)	Español	Bilingüe	Mestizo	Catolicismo	Nivel E: Ingreso familiar menor a S/1,300	Nivel E	Clase trabajadora	Funcionalidad física típica (sin discapacidad)	Funcionalidad cognitiva típica (sin discapacidad)	Típica	Mujer	Femenino	Heterosexual	Obtener mejores oportunidades laborales o económicas (expectativa de beneficio económico o laboral).	Adquirir conocimientos.	Quiero equilibrio entre trabajo, familia y salud (equilibrio vida-trabajo).	VARK	Multimodal (VARK)
M166	16	17	11	15	Moderada	Moderada	Moderada	Moderada	2026/04/10 6:25:29 p. m. GMT-4	Educación 	UNSA	Ciencias naturales y exactas	Pregrado (o grado universitario)	Al inicio	Público	Sí	Sí	Tercio medio	No	No	Estudiante universitario joven (16-24 años)	16-24 años	Nivel intermedio: Manejo adecuado de información y recursos digitales	Intermedio	Local (región de Arequipa)	Zona urbana	Sin experiencia de movilidad	Quechua	Monolingüe	Mestizo	Catolicismo	Nivel E: Ingreso familiar menor a S/1,300	Nivel E	Clase media	Funcionalidad física típica (sin discapacidad)	Funcionalidad cognitiva típica (sin discapacidad)	Típica	Hombre	Masculino	Heterosexual	La carrera que elegí corresponde a mis intereses o pasiones personales (orientación vocacional).	Adquirir conocimientos.	Quiero desarrollarme y destacar en mi carrera (realización profesional).	V media	Visual, media
M167	10	13	11	14	Muy baja	Baja	Moderada	Moderada	2026/04/10 6:31:25 p. m. GMT-4	Gestión Pública	UNSA	Ciencias económicas, administrativas y empresariales	Pregrado (o grado universitario)	Al inicio	Privado	Sí	No	Tercio superior	No	No	Estudiante universitario joven (16-24 años)	16-24 años	Nivel intermedio: Manejo adecuado de información y recursos digitales	Intermedio	Local (región de Arequipa)	Zona rural	Movilidad local (a otra provincia de la región de Arequipa)	Español	Monolingüe	Otro o ninguno	Catolicismo	Nivel C: Ingreso familiar entre S/3,000 y S/5,000	Nivel C	Clase media	Funcionalidad física típica (sin discapacidad)	Funcionalidad cognitiva típica (sin discapacidad)	Típica	Mujer	Femenino	Heterosexual	Superación personal y alcanzar metas propias.	Obtener buenas calificaciones.	Quiero vivir, estudiar o trabajar en otros países (experiencia internacional).	AK	Multimodal (AK)
M168	12	14	13	13	Baja	Baja	Moderada	Baja	2026/04/10 6:34:33 p. m. GMT-4	Gestión de empresas	UNSA	Ciencias económicas, administrativas y empresariales	Pregrado (o grado universitario)	Al inicio	Privado	Sí	No	Tercio medio	No	No	Estudiante universitario joven (16-24 años)	16-24 años	Nivel intermedio: Manejo adecuado de información y recursos digitales	Intermedio	Local (región de Arequipa)	Zona urbana	Sin experiencia de movilidad	Español	Monolingüe	Mestizo	Catolicismo	Nivel C: Ingreso familiar entre S/3,000 y S/5,000	Nivel C	Clase trabajadora	Funcionalidad física típica (sin discapacidad)	Funcionalidad cognitiva típica (sin discapacidad)	Típica	Mujer	Femenino	Bisexual	Superación personal y alcanzar metas propias.	Obtener buenas calificaciones.	Quiero desarrollarme y destacar en mi carrera (realización profesional).	VK	Multimodal (VK)
M169	15	14	12	11	Moderada	Baja	Moderada	Muy baja	2026/04/10 6:37:11 p. m. GMT-4	Ing. biotecnológica	UCSM	Ciencias de la salud	Pregrado (o grado universitario)	Al inicio	Privado	No	No	Tercio superior	No	No	Estudiante universitario joven (16-24 años)	16-24 años	Nivel intermedio: Manejo adecuado de información y recursos digitales	Intermedio	Local (región de Arequipa)	Zona urbana	Sin experiencia de movilidad	Español	Bilingüe	Mestizo	Ateísmo	Nivel C: Ingreso familiar entre S/3,000 y S/5,000	Nivel C	Clase media	Limitaciones visuales	Funcionalidad cognitiva típica (sin discapacidad)	Típica	Hombre	Masculino	Heterosexual	La carrera que elegí corresponde a mis intereses o pasiones personales (orientación vocacional).	Adquirir conocimientos.	Quiero crear mi propio proyecto o empresa (emprendimiento).	AK	Multimodal (AK)
M170	15	14	9	15	Moderada	Baja	Baja	Moderada	2026/04/10 6:41:46 p. m. GMT-4	Ingeniería Biotecnológica	UCSM	Ciencias de la salud	Pregrado (o grado universitario)	Al inicio	Privado	Sí	No	Tercio superior	No	No	Estudiante universitario joven (16-24 años)	16-24 años	Nivel bajo: Conocimiento y manejo limitado de herramientas digitales	Bajo	Nacional (otras regiones de Perú)	Zona urbana	Sin experiencia de movilidad	Español	Monolingüe	Mestizo	Agnosticismo	Nivel D: Ingreso familiar entre S/1,300 y S/3,000	Nivel D	Clase trabajadora	Funcionalidad física típica (sin discapacidad)	Funcionalidad cognitiva típica (sin discapacidad)	Típica	Mujer	Femenino	Bisexual	La carrera que elegí corresponde a mis intereses o pasiones personales (orientación vocacional).	Usar esta formación para acceder a posgrados o especializaciones.	Quiero desarrollarme y destacar en mi carrera (realización profesional).	AK	Multimodal (AK)
M171	12	16	13	12	Baja	Moderada	Moderada	Baja	2026/04/10 6:41:54 p. m. GMT-4	Ing. Industrial	UNSA	Ingenierías y Tecnologías	Pregrado (o grado universitario)	Al inicio	Privado	Sí	No	Tercio superior	No	No	Estudiante universitario joven (16-24 años)	16-24 años	Nivel intermedio: Manejo adecuado de información y recursos digitales	Intermedio	Local (región de Arequipa)	Zona urbana	Sin experiencia de movilidad	Español	Bilingüe	Mestizo	Catolicismo	Nivel D: Ingreso familiar entre S/1,300 y S/3,000	Nivel D	Clase trabajadora	Funcionalidad física típica (sin discapacidad)	Funcionalidad cognitiva típica (sin discapacidad)	Típica	Mujer	Femenino	Heterosexual	La carrera que elegí corresponde a mis intereses o pasiones personales (orientación vocacional).	Adquirir conocimientos.	Quiero desarrollarme y destacar en mi carrera (realización profesional).	A media	Auditivo, media
M172	12	18	11	13	Baja	Alta	Moderada	Baja	2026/04/10 6:45:37 p. m. GMT-4	Biología 	UNSA	Ciencias naturales y exactas	Pregrado (o grado universitario)	Al inicio	Privado	Sí	No	Tercio superior	No	Sí	Estudiante universitario joven (16-24 años)	16-24 años	Nivel intermedio: Manejo adecuado de información y recursos digitales	Intermedio	Local (región de Arequipa)	Zona urbana	Sin experiencia de movilidad	Español	Monolingüe	Mestizo	Catolicismo	Nivel C: Ingreso familiar entre S/3,000 y S/5,000	Nivel C	Clase trabajadora	Funcionalidad física típica (sin discapacidad)	Funcionalidad cognitiva típica (sin discapacidad)	Típica	Mujer	Femenino	Bisexual	Interés en aprender y descubrir cosas nuevas (orientación al conocimiento).	Usar esta formación para acceder a posgrados o especializaciones.	Quiero continuar con posgrados o especializaciones (estudios avanzados).	VARK selectivo	Multimodal (VARK Selectivo)
M173	10	19	7	17	Muy baja	Alta	Muy baja	Alta	2026/04/10 6:51:14 p. m. GMT-4	Economía 	UNSA	Ciencias económicas, administrativas y empresariales	Pregrado (o grado universitario)	Al inicio	Público	Sí	No	Tercio superior	No	No	Estudiante universitario joven (16-24 años)	16-24 años	Nivel intermedio: Manejo adecuado de información y recursos digitales	Intermedio	Local (región de Arequipa)	Zona urbana	Sin experiencia de movilidad	Español	Bilingüe	Mestizo	Catolicismo	Nivel B: Ingreso familiar entre S/5,000 y S/25,000	Nivel B	Clase media	Funcionalidad física típica (sin discapacidad)	Funcionalidad cognitiva típica (sin discapacidad)	Típica	Mujer	Femenino	Heterosexual	Superación personal y alcanzar metas propias.	Hacer vínculos y contactos útiles.	Quiero desarrollarme y destacar en mi carrera (realización profesional).	K muy fuerte	Kinestésico, muy fuerte
M174	15	16	11	16	Moderada	Moderada	Moderada	Moderada	2026/04/10 6:53:42 p. m. GMT-4	Ingeniería industrial 	UNSA	Ciencias económicas, administrativas y empresariales	Pregrado (o grado universitario)	Al inicio	Privado	Sí	No	Tercio superior	No	No	Estudiante universitario joven (16-24 años)	16-24 años	Nivel intermedio: Manejo adecuado de información y recursos digitales	Intermedio	Local (región de Arequipa)	Zona urbana	Sin experiencia de movilidad	Español	Monolingüe	Mestizo	Catolicismo	Nivel D: Ingreso familiar entre S/1,300 y S/3,000	Nivel D	Clase media	Funcionalidad física típica (sin discapacidad)	Funcionalidad cognitiva típica (sin discapacidad)	Típica	Hombre	Masculino	Heterosexual	Interés en aprender y descubrir cosas nuevas (orientación al conocimiento).	Usar esta formación para acceder a posgrados o especializaciones.	Quiero vivir, estudiar o trabajar en otros países (experiencia internacional).	V muy fuerte	Visual, muy fuerte
M175	18	15	16	16	Alta	Baja	Alta	Moderada	2026/04/10 6:53:44 p. m. GMT-4	Finanzas	UNSA	Ciencias económicas, administrativas y empresariales	Pregrado (o grado universitario)	Al medio	Público	Sí	No	Tercio medio	Sí	No	Estudiante universitario joven (16-24 años)	16-24 años	Nivel intermedio: Manejo adecuado de información y recursos digitales	Intermedio	Nacional (otras regiones de Perú)	Zona rural	Movilidad nacional (a otra región o ciudad de Perú)	Quechua	Bilingüe	Indígena Quechua	Ninguna	Nivel D: Ingreso familiar entre S/1,300 y S/3,000	Nivel D	Clase trabajadora	Funcionalidad física típica (sin discapacidad)	Otras formas de neurodiversidad	Otras	Hombre	Masculino	Heterosexual	Superación personal y alcanzar metas propias.	Adquirir conocimientos.	Quiero desarrollarme y destacar en mi carrera (realización profesional).	R muy fuerte	Lectura/Escritura, muy fuerte
M176	13	17	8	15	Moderada	Moderada	Baja	Moderada	2026/04/10 6:54:37 p. m. GMT-4	Ingeniería mecánica 	UNSA	Ingenierías y Tecnologías	Pregrado (o grado universitario)	Al inicio	Privado	No	No	Tercio superior	No	No	Estudiante universitario joven (16-24 años)	16-24 años	Nivel intermedio: Manejo adecuado de información y recursos digitales	Intermedio	Local (región de Arequipa)	Zona urbana	Movilidad nacional (a otra región o ciudad de Perú)	Español	Bilingüe	Mestizo	Deísmo	Nivel B: Ingreso familiar entre S/5,000 y S/25,000	Nivel B	Clase media	Limitaciones visuales	Trastorno del espectro autista (TEA)	TEA	Hombre	Masculino	Heterosexual	Superación personal y alcanzar metas propias.	Hacer vínculos y contactos útiles.	Quiero crear mi propio proyecto o empresa (emprendimiento).	VARK	Multimodal (VARK)
M177	12	17	13	16	Baja	Moderada	Moderada	Moderada	2026/04/10 6:56:28 p. m. GMT-4	Ingeniería Civil 	UNSA	Ingenierías y Tecnologías	Pregrado (o grado universitario)	Al inicio	Privado	Sí	No	Tercio superior	No	No	Estudiante universitario joven (16-24 años)	16-24 años	Nivel bajo: Conocimiento y manejo limitado de herramientas digitales	Bajo	Local (región de Arequipa)	Zona rural	Movilidad local (a otra provincia de la región de Arequipa)	Español	Monolingüe	Mestizo	Protestantismo (evangélicos y pentecostalismo)	Nivel E: Ingreso familiar menor a S/1,300	Nivel E	Subclase o clase popular	Funcionalidad física típica (sin discapacidad)	Funcionalidad cognitiva típica (sin discapacidad)	Típica	Mujer	Femenino	Heterosexual	Lograr mayor reconocimiento social o prestigio profesional.	Recibir distinciones o premios académicos.	Quiero vivir, estudiar o trabajar en otros países (experiencia internacional).	VAK	Multimodal (VAK)
M178	15	16	12	14	Moderada	Moderada	Moderada	Moderada	2026/04/10 6:56:49 p. m. GMT-4	Economia	UNSA	Ciencias económicas, administrativas y empresariales	Pregrado (o grado universitario)	Al inicio	Privado	Sí	No	Tercio medio	No	Sí	Estudiante universitario joven (16-24 años)	16-24 años	Nivel intermedio: Manejo adecuado de información y recursos digitales	Intermedio	Local (región de Arequipa)	Zona urbana	Sin experiencia de movilidad	Español	Monolingüe	Mestizo	Agnosticismo	Nivel E: Ingreso familiar menor a S/1,300	Nivel E	Subclase o clase popular	Limitaciones visuales	Funcionalidad cognitiva típica (sin discapacidad)	Típica	Hombre	Masculino	Heterosexual	Obtener mejores oportunidades laborales o económicas (expectativa de beneficio económico o laboral).	Evitar reprobar materias o abandonar los estudios.	Quiero estabilidad material y financiera (seguridad económica).	VAK	Multimodal (VAK)
M179	14	18	14	13	Moderada	Alta	Alta	Baja	2026/04/10 6:56:57 p. m. GMT-4	Gestión de proyectos	UNSA	Ciencias económicas, administrativas y empresariales	Pregrado (o grado universitario)	Al inicio	Público	Sí	No	Tercio medio	Sí	Sí	Estudiante universitario joven (16-24 años)	16-24 años	Nivel bajo: Conocimiento y manejo limitado de herramientas digitales	Bajo	Local (región de Arequipa)	Zona rural	Movilidad nacional (a otra región o ciudad de Perú)	Quechua	Bilingüe	Indígena Quechua	Catolicismo	Nivel E: Ingreso familiar menor a S/1,300	Nivel E	Clase trabajadora	Limitaciones visuales	Trastorno por déficit de atención con hiperactividad (TDAH)	TDAH	Hombre	Masculino	Heterosexual	Interés en aprender y descubrir cosas nuevas (orientación al conocimiento).	Adquirir conocimientos.	Quiero crear mi propio proyecto o empresa (emprendimiento).	R fuerte	Lectura/Escritura, fuerte
M180	12	14	10	10	Baja	Baja	Moderada	Muy baja	2026/04/10 7:09:42 p. m. GMT-4	Ing. Telecomunicaciones	UNSA	Ingenierías y Tecnologías	Pregrado (o grado universitario)	Al medio	Público	No	Sí	Tercio medio	No	Sí	Estudiante universitario joven (16-24 años)	16-24 años	Nivel bajo: Conocimiento y manejo limitado de herramientas digitales	Bajo	Local (región de Arequipa)	Zona urbana	Sin experiencia de movilidad	Español	Monolingüe	Mestizo	Adventismo	Nivel E: Ingreso familiar menor a S/1,300	Nivel E	Clase trabajadora	Funcionalidad física típica (sin discapacidad)	Funcionalidad cognitiva típica (sin discapacidad)	Típica	Mujer	Femenino	Heterosexual	Evitar el desempleo o quedarme rezagado frente a mis pares (evitar consecuencias negativas).	Evitar reprobar materias o abandonar los estudios.	Quiero estabilidad material y financiera (seguridad económica).	AK	Multimodal (AK)
M181	14	19	5	19	Moderada	Alta	Muy baja	Muy alta	2026/04/10 7:10:45 p. m. GMT-4	Artes con especialidad en plásticas	UNSA	Ciencias sociales y humanidades	Pregrado (o grado universitario)	Al inicio	Público	Sí	No	Tercio superior	No	No	Estudiante universitario joven (16-24 años)	16-24 años	Nivel intermedio: Manejo adecuado de información y recursos digitales	Intermedio	Local (región de Arequipa)	Zona urbana	Sin experiencia de movilidad	Español	Monolingüe	Mestizo	Agnosticismo	Nivel C: Ingreso familiar entre S/3,000 y S/5,000	Nivel C	Clase trabajadora	Funcionalidad física típica (sin discapacidad)	Funcionalidad cognitiva típica (sin discapacidad)	Típica	Mujer	Femenino	Heterosexual	La carrera que elegí corresponde a mis intereses o pasiones personales (orientación vocacional).	Recibir distinciones o premios académicos.	Quiero crear mi propio proyecto o empresa (emprendimiento).	K fuerte	Kinestésico, fuerte
M182	11	14	5	16	Baja	Baja	Muy baja	Moderada	2026/04/10 7:14:17 p. m. GMT-4	INGENIERÍA MECÁNICA	UNSA	Ingenierías y Tecnologías	Pregrado (o grado universitario)	Al inicio	Privado	No	No	Tercio medio	No	No	Estudiante universitario joven (16-24 años)	16-24 años	Nivel intermedio: Manejo adecuado de información y recursos digitales	Intermedio	Local (región de Arequipa)	Zona urbana	Sin experiencia de movilidad	Quechua	Monolingüe	Indígena Quechua	Deísmo	Nivel C: Ingreso familiar entre S/3,000 y S/5,000	Nivel C	Subclase o clase popular	Funcionalidad física típica (sin discapacidad)	Funcionalidad cognitiva típica (sin discapacidad)	Típica	Hombre	Masculino	Heterosexual	La carrera que elegí corresponde a mis intereses o pasiones personales (orientación vocacional).	Recibir distinciones o premios académicos.	Quiero equilibrio entre trabajo, familia y salud (equilibrio vida-trabajo).	VK	Multimodal (VK)
M183	15	18	7	16	Moderada	Alta	Muy baja	Moderada	2026/04/10 7:18:56 p. m. GMT-4	Artes plásticas	UNSA	Artes y diseño	Pregrado (o grado universitario)	Al medio	Público	Sí	No	Tercio superior	No	No	Estudiante universitario joven (16-24 años)	16-24 años	Nivel intermedio: Manejo adecuado de información y recursos digitales	Intermedio	Local (región de Arequipa)	Zona urbana	Movilidad nacional (a otra región o ciudad de Perú)	Español	Monolingüe	Mestizo	Ninguna	Nivel C: Ingreso familiar entre S/3,000 y S/5,000	Nivel C	Clase trabajadora	Funcionalidad física típica (sin discapacidad)	Funcionalidad cognitiva típica (sin discapacidad)	Típica	Hombre	Masculino	Heterosexual	La carrera que elegí corresponde a mis intereses o pasiones personales (orientación vocacional).	Adquirir conocimientos.	Quiero desarrollarme y destacar en mi carrera (realización profesional).	VARK	Multimodal (VARK)
M184	15	18	10	18	Moderada	Alta	Moderada	Alta	2026/04/10 7:23:41 p. m. GMT-4	Economía 	UNSA	Ciencias económicas, administrativas y empresariales	Pregrado (o grado universitario)	Al inicio	Público	Sí	No	Tercio superior	No	No	Estudiante universitario joven (16-24 años)	16-24 años	Nivel intermedio: Manejo adecuado de información y recursos digitales	Intermedio	Nacional (otras regiones de Perú)	Zona urbana	Movilidad nacional (a otra región o ciudad de Perú)	Español	Monolingüe	Mestizo	Catolicismo	Nivel B: Ingreso familiar entre S/5,000 y S/25,000	Nivel B	Clase media	Limitaciones visuales	Funcionalidad cognitiva típica (sin discapacidad)	Típica	Hombre	Masculino	Heterosexual	La carrera que elegí corresponde a mis intereses o pasiones personales (orientación vocacional).	Adquirir conocimientos.	Quiero continuar con posgrados o especializaciones (estudios avanzados).	VARK	Multimodal (VARK)
M185	13	14	13	16	Moderada	Baja	Moderada	Moderada	2026/04/10 7:33:11 p. m. GMT-4	ingeniería de industria alimentaria 	UNSA	Ingenierías y Tecnologías	Pregrado (o grado universitario)	Al medio	Público	No	No	Tercio superior	Sí	Sí	Estudiante universitario joven (16-24 años)	16-24 años	Nivel bajo: Conocimiento y manejo limitado de herramientas digitales	Bajo	Nacional (otras regiones de Perú)	Zona rural	Movilidad nacional (a otra región o ciudad de Perú)	Quechua	Bilingüe	Indígena Quechua	Catolicismo	Nivel D: Ingreso familiar entre S/1,300 y S/3,000	Nivel D	Clase trabajadora	Limitaciones visuales	Funcionalidad cognitiva típica (sin discapacidad)	Típica	Mujer	Femenino	Heterosexual	La carrera que elegí corresponde a mis intereses o pasiones personales (orientación vocacional).	Adquirir conocimientos.	Quiero crear mi propio proyecto o empresa (emprendimiento).	V media	Visual, media
M186	16	18	9	16	Moderada	Alta	Baja	Moderada	2026/04/10 7:41:48 p. m. GMT-4	Marketing	UNSA	Ciencias económicas, administrativas y empresariales	Pregrado (o grado universitario)	Al inicio	Público	Sí	No	Tercio medio	No	No	Estudiante universitario joven (16-24 años)	16-24 años	Nivel intermedio: Manejo adecuado de información y recursos digitales	Intermedio	Local (región de Arequipa)	Zona urbana	Sin experiencia de movilidad	Español	Monolingüe	Mestizo	Catolicismo	Nivel C: Ingreso familiar entre S/3,000 y S/5,000	Nivel C	Clase media	Funcionalidad física típica (sin discapacidad)	Funcionalidad cognitiva típica (sin discapacidad)	Típica	Mujer	Femenino	Heterosexual	La carrera que elegí corresponde a mis intereses o pasiones personales (orientación vocacional).	Adquirir conocimientos.	Quiero continuar con posgrados o especializaciones (estudios avanzados).	V fuerte	Visual, fuerte
M187	14	17	11	15	Moderada	Moderada	Moderada	Moderada	2026/04/10 7:42:13 p. m. GMT-4	Gestión de Empresas 	UNSA	Ciencias sociales y humanidades	Pregrado (o grado universitario)	Al inicio	Privado	No	No	Tercio medio	No	No	Estudiante universitario joven (16-24 años)	16-24 años	Nivel intermedio: Manejo adecuado de información y recursos digitales	Intermedio	Local (región de Arequipa)	Zona urbana	Sin experiencia de movilidad	Español	Bilingüe	Mestizo	Catolicismo	Nivel E: Ingreso familiar menor a S/1,300	Nivel E	Clase trabajadora	Funcionalidad física típica (sin discapacidad)	Funcionalidad cognitiva típica (sin discapacidad)	Típica	Mujer	Femenino	Heterosexual	Obtener mejores oportunidades laborales o económicas (expectativa de beneficio económico o laboral).	Recibir distinciones o premios académicos.	Quiero vivir, estudiar o trabajar en otros países (experiencia internacional).	VRK	Multimodal (VRK)
M188	8	9	11	9	Muy baja	Muy baja	Moderada	Muy baja	2026/04/10 7:42:32 p. m. GMT-4	Contabilidad 	UNSA	Ciencias económicas, administrativas y empresariales	Pregrado (o grado universitario)	Al inicio	Público	Sí	Sí	Tercio superior	Sí	Sí	Estudiante universitario joven (16-24 años)	16-24 años	Nivel bajo: Conocimiento y manejo limitado de herramientas digitales	Bajo	Local (región de Arequipa)	Zona rural	Sin experiencia de movilidad	Quechua	Multilingüe	Indígena Aymara	Protestantismo (evangélicos y pentecostalismo)	Nivel E: Ingreso familiar menor a S/1,300	Nivel E	Clase trabajadora	Funcionalidad física típica (sin discapacidad)	Dislexia	Dislexia	Mujer	Femenino	Heterosexual	La carrera que elegí corresponde a mis intereses o pasiones personales (orientación vocacional).	Obtener buenas calificaciones.	Quiero crear mi propio proyecto o empresa (emprendimiento).	A fuerte	Auditivo, fuerte
M189	15	18	6	11	Moderada	Alta	Muy baja	Muy baja	2026/04/10 7:48:23 p. m. GMT-4	ing. metalurgica	UNSA	Ingenierías y Tecnologías	Pregrado (o grado universitario)	Al inicio	Público	Sí	No	Tercio medio	No	Sí	Estudiante universitario joven (16-24 años)	16-24 años	Nivel intermedio: Manejo adecuado de información y recursos digitales	Intermedio	Local (región de Arequipa)	Zona rural	Movilidad nacional (a otra región o ciudad de Perú)	Español	Bilingüe	Mestizo	Catolicismo	Nivel E: Ingreso familiar menor a S/1,300	Nivel E	Clase trabajadora	Limitaciones visuales	Funcionalidad cognitiva típica (sin discapacidad)	Típica	Hombre	Femenino	Asexual	Lograr mayor reconocimiento social o prestigio profesional.	Hacer vínculos y contactos útiles.	Quiero vivir, estudiar o trabajar en otros países (experiencia internacional).	VK	Multimodal (VK)
M190	14	17	10	20	Moderada	Moderada	Moderada	Muy alta	2026/04/10 7:52:36 p. m. GMT-4	Enfermería 	UNSA	Ciencias de la salud	Pregrado (o grado universitario)	Al inicio	Público	Sí	No	Tercio superior	No	Sí	Estudiante universitario joven (16-24 años)	16-24 años	Nivel intermedio: Manejo adecuado de información y recursos digitales	Intermedio	Nacional (otras regiones de Perú)	Zona urbana	Movilidad nacional (a otra región o ciudad de Perú)	Español	Monolingüe	Mestizo	Deísmo	Nivel D: Ingreso familiar entre S/1,300 y S/3,000	Nivel D	Clase trabajadora	Funcionalidad física típica (sin discapacidad)	Funcionalidad cognitiva típica (sin discapacidad)	Típica	Mujer	Femenino	Heterosexual	Obtener mejores oportunidades laborales o económicas (expectativa de beneficio económico o laboral).	Obtener buenas calificaciones.	Quiero desarrollarme y destacar en mi carrera (realización profesional).	K media	Kinestésico, media
M191	14	14	16	12	Moderada	Baja	Alta	Baja	2026/04/10 8:00:12 p. m. GMT-4	Economía / Economía	UNSA	Ciencias económicas, administrativas y empresariales	Pregrado (o grado universitario)	Al inicio	Privado	No	No	Tercio medio	No	Sí	Estudiante universitario joven (16-24 años)	16-24 años	Nivel intermedio: Manejo adecuado de información y recursos digitales	Intermedio	Nacional (otras regiones de Perú)	Zona urbana	Movilidad nacional (a otra región o ciudad de Perú)	Español	Bilingüe	Mestizo	Catolicismo	Nivel D: Ingreso familiar entre S/1,300 y S/3,000	Nivel D	Clase trabajadora	Funcionalidad física típica (sin discapacidad)	Funcionalidad cognitiva típica (sin discapacidad)	Típica	Hombre	Masculino	Heterosexual	La carrera que elegí corresponde a mis intereses o pasiones personales (orientación vocacional).	Hacer vínculos y contactos útiles.	Quiero crear mi propio proyecto o empresa (emprendimiento).	VAK	Multimodal (VAK)
M192	14	17	14	17	Moderada	Moderada	Alta	Alta	2026/04/10 8:36:29 p. m. GMT-4	Filosofia 	UNSA	Ciencias sociales y humanidades	Pregrado (o grado universitario)	Al inicio	Público	Sí	No		No	Sí	Estudiante universitario joven (16-24 años)	16-24 años	Nivel intermedio: Manejo adecuado de información y recursos digitales	Intermedio	Nacional (otras regiones de Perú)	Zona rural	Movilidad nacional (a otra región o ciudad de Perú)	Quechua	Monolingüe	Indígena Quechua	Catolicismo	Nivel E: Ingreso familiar menor a S/1,300	Nivel E	Subclase o clase popular	Funcionalidad física típica (sin discapacidad)	Funcionalidad cognitiva típica (sin discapacidad)	Típica	Mujer	Femenino	Heterosexual	Interés en aprender y descubrir cosas nuevas (orientación al conocimiento).	Obtener buenas calificaciones.	Quiero vivir, estudiar o trabajar en otros países (experiencia internacional).	R muy fuerte	Lectura/Escritura, muy fuerte
M193	16	14	10	18	Moderada	Baja	Moderada	Alta	2026/04/10 8:53:47 p. m. GMT-4	ING EN TELECOMUNICACIONES	UNSA	Ingenierías y Tecnologías	Pregrado (o grado universitario)	Al inicio	Público	Sí	No	Tercio medio	No	Sí	Estudiante universitario joven (16-24 años)	16-24 años	Nivel intermedio: Manejo adecuado de información y recursos digitales	Intermedio	Local (región de Arequipa)	Zona urbana	Sin experiencia de movilidad	Español	Monolingüe	Mestizo	Agnosticismo	Nivel D: Ingreso familiar entre S/1,300 y S/3,000	Nivel D	Subclase o clase popular	Limitaciones visuales	Dislexia	Dislexia	Hombre	Masculino	Heterosexual	Superación personal y alcanzar metas propias.	Adquirir conocimientos.	Quiero participar y aportar en iniciativas sociales (impacto social).	VARK	Multimodal (VARK)
M194	14	17	12	15	Moderada	Moderada	Moderada	Moderada	2026/04/10 9:02:45 p. m. GMT-4	Artes Música 	UNSA	Artes y diseño	Pregrado (o grado universitario)	Al inicio	Público	No	No	Tercio medio	Sí	Sí	Estudiante universitario joven (16-24 años)	16-24 años	Nivel bajo: Conocimiento y manejo limitado de herramientas digitales	Bajo	Local (región de Arequipa)	Capital de país	Sin experiencia de movilidad	Español	Bilingüe	Mestizo	Catolicismo	Nivel D: Ingreso familiar entre S/1,300 y S/3,000	Nivel D	Clase trabajadora	Funcionalidad física típica (sin discapacidad)	Funcionalidad cognitiva típica (sin discapacidad)	Típica	Hombre	Masculino	Heterosexual	Superación personal y alcanzar metas propias.	Adquirir conocimientos.	Quiero vivir, estudiar o trabajar en otros países (experiencia internacional).	V media	Visual, media
M195	12	15	11	12	Baja	Baja	Moderada	Baja	2026/04/10 9:11:13 p. m. GMT-4	Química	UNSA	Ciencias naturales y exactas	Pregrado (o grado universitario)	Al inicio	Público	Sí	No	Tercio superior	No	No	Estudiante universitario joven (16-24 años)	16-24 años	Nivel intermedio: Manejo adecuado de información y recursos digitales	Intermedio	Local (región de Arequipa)	Zona urbana	Sin experiencia de movilidad	Español	Monolingüe	Otro o ninguno	Catolicismo			Clase media	Limitaciones visuales	Funcionalidad cognitiva típica (sin discapacidad)	Típica	Mujer	Femenino	Heterosexual	La carrera que elegí corresponde a mis intereses o pasiones personales (orientación vocacional).	Adquirir conocimientos.	Quiero estabilidad material y financiera (seguridad económica).	AK	Multimodal (AK)
M196	11	19	10	14	Baja	Alta	Moderada	Moderada	2026/04/10 9:13:02 p. m. GMT-4	Literatura y Lingüística 	UNSA	Ciencias sociales y humanidades	Pregrado (o grado universitario)	Al inicio	Público	Sí	No		No	No	Estudiante universitario joven (16-24 años)	16-24 años	Nivel bajo: Conocimiento y manejo limitado de herramientas digitales	Bajo	Nacional (otras regiones de Perú)	Zona urbana	Movilidad nacional (a otra región o ciudad de Perú)	Español	Monolingüe	Indígena Quechua	Adventismo	Nivel E: Ingreso familiar menor a S/1,300	Nivel E	Clase media	Funcionalidad física típica (sin discapacidad)	Funcionalidad cognitiva típica (sin discapacidad)	Típica	Mujer	Femenino	Heterosexual	Influencia o expectativas de mi familia o entorno social.	Obtener buenas calificaciones.	Quiero desarrollarme y destacar en mi carrera (realización profesional).	A fuerte	Auditivo, fuerte
M197	13	17	8	18	Moderada	Moderada	Baja	Alta	2026/04/10 9:16:06 p. m. GMT-4	Banca y seguros 	UNSA	Ciencias económicas, administrativas y empresariales	Pregrado (o grado universitario)	Al inicio	Público	No	No	Tercio superior	No	Sí	Estudiante universitario joven (16-24 años)	16-24 años	Nivel intermedio: Manejo adecuado de información y recursos digitales	Intermedio	Local (región de Arequipa)	Zona urbana	Sin experiencia de movilidad	Español	Monolingüe	Mestizo	Catolicismo	Nivel D: Ingreso familiar entre S/1,300 y S/3,000	Nivel D	Subclase o clase popular	Funcionalidad física típica (sin discapacidad)	Funcionalidad cognitiva típica (sin discapacidad)	Típica	Mujer	Femenino	Heterosexual	Evitar el desempleo o quedarme rezagado frente a mis pares (evitar consecuencias negativas).	Usar esta formación para acceder a posgrados o especializaciones.	Quiero desarrollarme y destacar en mi carrera (realización profesional).	K fuerte	Kinestésico, fuerte
M198	18	15	7	19	Alta	Baja	Muy baja	Muy alta	2026/04/10 9:24:00 p. m. GMT-4	Economía	UNSA	Ciencias económicas, administrativas y empresariales	Pregrado (o grado universitario)	Al inicio	Privado	Sí	No	Tercio superior	No	No	Estudiante universitario joven (16-24 años)	16-24 años	Nivel intermedio: Manejo adecuado de información y recursos digitales	Intermedio	Local (región de Arequipa)	Zona urbana	Movilidad internacional (a otro país)	Español	Bilingüe	Mestizo	Agnosticismo	Nivel B: Ingreso familiar entre S/5,000 y S/25,000	Nivel B	Clase media	Limitaciones visuales	Funcionalidad cognitiva típica (sin discapacidad)	Típica	Mujer	Femenino	Heterosexual	Obtener mejores oportunidades laborales o económicas (expectativa de beneficio económico o laboral).	Usar esta formación para acceder a posgrados o especializaciones.	Quiero vivir, estudiar o trabajar en otros países (experiencia internacional).	K fuerte	Kinestésico, fuerte
M199	16	19	13	17	Moderada	Alta	Moderada	Alta	2026/04/10 9:25:20 p. m. GMT-4	Biologia 	UNSA	Ciencias naturales y exactas	Pregrado (o grado universitario)	Al inicio	Público	Sí	Sí	Tercio superior	No	No	Estudiante universitario joven (16-24 años)	16-24 años	Nivel intermedio: Manejo adecuado de información y recursos digitales	Intermedio	Local (región de Arequipa)	Zona urbana	Movilidad local (a otra provincia de la región de Arequipa)	Español	Monolingüe	Mestizo	Catolicismo	Nivel D: Ingreso familiar entre S/1,300 y S/3,000	Nivel D	Clase trabajadora	Funcionalidad física típica (sin discapacidad)	Funcionalidad cognitiva típica (sin discapacidad)	Típica	Mujer	Femenino	Bisexual	La carrera que elegí corresponde a mis intereses o pasiones personales (orientación vocacional).	Usar esta formación para acceder a posgrados o especializaciones.	Quiero vivir, estudiar o trabajar en otros países (experiencia internacional).	ARK	Multimodal (ARK)
M200	12	16	10	18	Baja	Moderada	Moderada	Alta	2026/04/10 9:37:41 p. m. GMT-4	Ciencias de la Nutrición	UNSA	Ciencias de la salud	Pregrado (o grado universitario)	Al final	Privado	No	No	Tercio superior	No	Sí	Estudiante universitario maduro (40-65 años)	40-65 años	Nivel bajo: Conocimiento y manejo limitado de herramientas digitales	Bajo	Local (región de Arequipa)	Zona urbana	Movilidad local (a otra provincia de la región de Arequipa)	Español	Multilingüe	Mestizo	Catolicismo	Nivel B: Ingreso familiar entre S/5,000 y S/25,000	Nivel B	Clase media	Funcionalidad física típica (sin discapacidad)	Funcionalidad cognitiva típica (sin discapacidad)	Típica	Mujer	Femenino	Heterosexual	Superación personal y alcanzar metas propias.	Usar esta formación para acceder a posgrados o especializaciones.	Quiero equilibrio entre trabajo, familia y salud (equilibrio vida-trabajo).	R media	Lectura/Escritura, media
M201	12	17	9	11	Baja	Moderada	Baja	Muy baja	2026/04/10 9:50:21 p. m. GMT-4	Ingeniería mecánica 	UNSA	Ingenierías y Tecnologías	Pregrado (o grado universitario)	Al medio	Privado	Sí	No	Tercio medio	Sí	No	Estudiante universitario joven (16-24 años)	16-24 años	Nivel intermedio: Manejo adecuado de información y recursos digitales	Intermedio	Local (región de Arequipa)	Zona urbana	Sin experiencia de movilidad	Español	Monolingüe	Mestizo	Deísmo	Nivel C: Ingreso familiar entre S/3,000 y S/5,000	Nivel C	Clase trabajadora	Funcionalidad física típica (sin discapacidad)	Funcionalidad cognitiva típica (sin discapacidad)	Típica	Hombre	Masculino	Heterosexual	La carrera que elegí corresponde a mis intereses o pasiones personales (orientación vocacional).	Adquirir conocimientos.	Quiero crear mi propio proyecto o empresa (emprendimiento).	AK	Multimodal (AK)
M202	14	15	8	16	Moderada	Baja	Baja	Moderada	2026/04/10 10:01:46 p. m. GMT-4	Ing. Ambiental	UNSA	Ingenierías y Tecnologías	Pregrado (o grado universitario)	Al inicio	Privado	Sí	No	Tercio superior	No	No	Estudiante universitario joven (16-24 años)	16-24 años	Nivel intermedio: Manejo adecuado de información y recursos digitales	Intermedio	Local (región de Arequipa)	Zona rural	Sin experiencia de movilidad	Español	Bilingüe	Blanco	Catolicismo	Nivel C: Ingreso familiar entre S/3,000 y S/5,000	Nivel C	Clase media	Funcionalidad física típica (sin discapacidad)	Funcionalidad cognitiva típica (sin discapacidad)	Típica	Hombre	Masculino	Heterosexual	La carrera que elegí corresponde a mis intereses o pasiones personales (orientación vocacional).	Recibir distinciones o premios académicos.	Quiero continuar con posgrados o especializaciones (estudios avanzados).	VARK selectivo	Multimodal (VARK Selectivo)
M203	12	18	9	16	Baja	Alta	Baja	Moderada	2026/04/10 10:16:57 p. m. GMT-4	Psicología	UNSA	Ciencias sociales y humanidades	Pregrado (o grado universitario)	Al final	Público	Sí	No	Tercio superior	No	No	Estudiante universitario joven (16-24 años)	16-24 años	Nivel intermedio: Manejo adecuado de información y recursos digitales	Intermedio	Nacional (otras regiones de Perú)	Zona urbana	Movilidad local (a otra provincia de la región de Arequipa)	Español	Bilingüe	Indígena Quechua	Deísmo	Nivel D: Ingreso familiar entre S/1,300 y S/3,000	Nivel D	Clase trabajadora	Funcionalidad física típica (sin discapacidad)	Funcionalidad cognitiva típica (sin discapacidad)	Típica	Mujer	Femenino	Heterosexual	Evitar el desempleo o quedarme rezagado frente a mis pares (evitar consecuencias negativas).	Evitar reprobar materias o abandonar los estudios.	Quiero estabilidad material y financiera (seguridad económica).	VAK	Multimodal (VAK)
M204	12	15	13	15	Baja	Baja	Moderada	Moderada	2026/04/10 10:17:34 p. m. GMT-4	Ing. Sistemas	UCSM	Ingenierías y Tecnologías	Pregrado (o grado universitario)	Al inicio	Público	Sí	No	Tercio superior	No	No	Estudiante universitario joven (16-24 años)	16-24 años	Nivel alto: Dominio avanzado de competencias digitales	Alto	Local (región de Arequipa)	Zona urbana	Sin experiencia de movilidad	Español	Monolingüe	Mestizo	Catolicismo	Nivel E: Ingreso familiar menor a S/1,300	Nivel E	Clase trabajadora	Funcionalidad física típica (sin discapacidad)	Funcionalidad cognitiva típica (sin discapacidad)	Típica	Hombre	Masculino	Heterosexual	Interés en aprender y descubrir cosas nuevas (orientación al conocimiento).	Adquirir conocimientos.	Quiero desarrollarme y destacar en mi carrera (realización profesional).	VAK	Multimodal (VAK)
M205	12	10	8	10	Baja	Muy baja	Baja	Muy baja	2026/04/10 10:31:14 p. m. GMT-4	Ingenieria electronica	UNSA	Ingenierías y Tecnologías	Pregrado (o grado universitario)	Al inicio	Público	Sí	No	Tercio superior	No	No	Estudiante universitario joven (16-24 años)	16-24 años	Nivel intermedio: Manejo adecuado de información y recursos digitales	Intermedio	Local (región de Arequipa)	Capital de país	Movilidad nacional (a otra región o ciudad de Perú)	Español	Monolingüe	Mestizo	Catolicismo	Nivel C: Ingreso familiar entre S/3,000 y S/5,000	Nivel C	Clase trabajadora	Funcionalidad física típica (sin discapacidad)	Funcionalidad cognitiva típica (sin discapacidad)	Típica	Mujer	Femenino	Heterosexual	La carrera que elegí corresponde a mis intereses o pasiones personales (orientación vocacional).	Usar esta formación para acceder a posgrados o especializaciones.	Quiero estabilidad material y financiera (seguridad económica).	V fuerte	Visual, fuerte
M206	14	12	2	14	Moderada	Muy baja	Muy baja	Moderada	2026/04/10 11:08:29 p. m. GMT-4	Ing. de minas 	UNSA	Ingenierías y Tecnologías	Pregrado (o grado universitario)	Al inicio	Público	Sí	No	Tercio superior	No	No	Estudiante universitario joven (16-24 años)	16-24 años	Nivel intermedio: Manejo adecuado de información y recursos digitales	Intermedio	Local (región de Arequipa)	Zona urbana	Sin experiencia de movilidad	Español	Monolingüe	Mestizo	Catolicismo	Nivel D: Ingreso familiar entre S/1,300 y S/3,000	Nivel D	Clase trabajadora	Funcionalidad física típica (sin discapacidad)	Funcionalidad cognitiva típica (sin discapacidad)	Típica	Hombre	Masculino	Heterosexual	Obtener mejores oportunidades laborales o económicas (expectativa de beneficio económico o laboral).	Adquirir conocimientos.	Quiero estabilidad material y financiera (seguridad económica).	VARK	Multimodal (VARK)
M207	9	14	8	12	Muy baja	Baja	Baja	Baja	2026/04/10 11:33:19 p. m. GMT-4	Biología	UNSA	Ciencias de la salud	Pregrado (o grado universitario)	Al medio	Privado	Sí	No	Tercio superior	No	No	Estudiante universitario joven (16-24 años)	16-24 años	Nivel intermedio: Manejo adecuado de información y recursos digitales	Intermedio	Nacional (otras regiones de Perú)	Zona rural	Movilidad nacional (a otra región o ciudad de Perú)	Español	Bilingüe	Blanco	Deísmo	Nivel E: Ingreso familiar menor a S/1,300	Nivel E	Subclase o clase popular	Funcionalidad física típica (sin discapacidad)	Funcionalidad cognitiva típica (sin discapacidad)	Típica	Hombre	Masculino	Heterosexual	Interés en aprender y descubrir cosas nuevas (orientación al conocimiento).	Evitar reprobar materias o abandonar los estudios.	Quiero estabilidad material y financiera (seguridad económica).	RK	Multimodal (RK)
M208	14	15	11	15	Moderada	Baja	Moderada	Moderada	2026/04/10 11:36:07 p. m. GMT-4	Historia	UNSA	Ciencias sociales y humanidades	Pregrado (o grado universitario)	Al inicio	Privado	Sí	No	Tercio superior	No	Sí	Estudiante universitario joven (16-24 años)	16-24 años	Nivel intermedio: Manejo adecuado de información y recursos digitales	Intermedio	Local (región de Arequipa)	Zona urbana	Sin experiencia de movilidad	Español	Monolingüe	Mestizo	Dios de Spinoza	Nivel C: Ingreso familiar entre S/3,000 y S/5,000	Nivel C	Clase media	Funcionalidad física típica (sin discapacidad)	Funcionalidad cognitiva típica (sin discapacidad)	Típica	Hombre	Masculino	Heterosexual	La carrera que elegí corresponde a mis intereses o pasiones personales (orientación vocacional).	Obtener buenas calificaciones.	Quiero participar y aportar en iniciativas sociales (impacto social).	VARK	Multimodal (VARK)
M209	13	16	6	16	Moderada	Moderada	Muy baja	Moderada	2026/04/10 11:46:57 p. m. GMT-4	Administración 	UNSA	Ciencias económicas, administrativas y empresariales	Pregrado (o grado universitario)	Al medio	Privado	No	No	Tercio superior	No	No	Estudiante universitario joven (16-24 años)	16-24 años	Nivel intermedio: Manejo adecuado de información y recursos digitales	Intermedio	Local (región de Arequipa)	Zona urbana	Sin experiencia de movilidad	Español	Multilingüe	Mestizo	Catolicismo	Nivel C: Ingreso familiar entre S/3,000 y S/5,000	Nivel C	Clase media	Funcionalidad física típica (sin discapacidad)	Funcionalidad cognitiva típica (sin discapacidad)	Típica	Mujer	Femenino	Heterosexual	Evitar el desempleo o quedarme rezagado frente a mis pares (evitar consecuencias negativas).	Adquirir conocimientos.	Quiero estabilidad material y financiera (seguridad económica).	VARK	Multimodal (VARK)
M210	18	18	13	17	Alta	Alta	Moderada	Alta	2026/04/11 1:01:40 a. m. GMT-4	Ingeniería de minas	UNSA	Ingenierías y Tecnologías	Pregrado (o grado universitario)	Al inicio	Público	Sí	No	Tercio superior	No	No	Estudiante universitario joven (16-24 años)	16-24 años	Nivel alto: Dominio avanzado de competencias digitales	Alto	Local (región de Arequipa)	Zona urbana	Movilidad local (a otra provincia de la región de Arequipa)	Español	Monolingüe	Mestizo	Catolicismo	Nivel E: Ingreso familiar menor a S/1,300	Nivel E	Clase media	Funcionalidad física típica (sin discapacidad)	Funcionalidad cognitiva típica (sin discapacidad)	Típica	Hombre	Masculino	Heterosexual	Obtener mejores oportunidades laborales o económicas (expectativa de beneficio económico o laboral).	Usar esta formación para acceder a posgrados o especializaciones.	Quiero vivir, estudiar o trabajar en otros países (experiencia internacional).	VK	Multimodal (VK)
M211	11	17	6	18	Baja	Moderada	Muy baja	Alta	2026/04/11 1:03:13 a. m. GMT-4	Ingeneria Quimica	UNSA	Ingenierías y Tecnologías	Pregrado (o grado universitario)	Al inicio	Privado	Sí	No	Tercio medio	No	No	Estudiante universitario joven (16-24 años)	16-24 años	Nivel intermedio: Manejo adecuado de información y recursos digitales	Intermedio	Local (región de Arequipa)	Zona urbana	Sin experiencia de movilidad	Español	Monolingüe	Mestizo	Catolicismo	Nivel D: Ingreso familiar entre S/1,300 y S/3,000	Nivel D	Clase media	Funcionalidad física típica (sin discapacidad)	Funcionalidad cognitiva típica (sin discapacidad)	Típica	Hombre	Masculino	Heterosexual	La carrera que elegí corresponde a mis intereses o pasiones personales (orientación vocacional).	Adquirir conocimientos.	Quiero continuar con posgrados o especializaciones (estudios avanzados).	VAR	Multimodal (VAR)
M212	18	17	19	18	Alta	Moderada	Muy alta	Alta	2026/04/11 1:16:25 a. m. GMT-4	Educación 	UNSA	Ciencias sociales y humanidades	Pregrado (o grado universitario)	Al inicio	Privado	No	No	Tercio medio	No	No	Estudiante universitario joven (16-24 años)	16-24 años	Nivel alto: Dominio avanzado de competencias digitales	Alto	Local (región de Arequipa)	Zona urbana	Movilidad local (a otra provincia de la región de Arequipa)	Español	Monolingüe	Mestizo	Catolicismo	Nivel C: Ingreso familiar entre S/3,000 y S/5,000	Nivel C	Clase trabajadora	Funcionalidad física típica (sin discapacidad)	Funcionalidad cognitiva típica (sin discapacidad)	Típica	Hombre	Masculino	Heterosexual	Influencia o expectativas de mi familia o entorno social.	Adquirir conocimientos.	Quiero estabilidad material y financiera (seguridad económica).	R media	Lectura/Escritura, media
M213	13	16	10	16	Moderada	Moderada	Moderada	Moderada	2026/04/11 1:41:07 a. m. GMT-4	ing. metalurgica	UNSA	Ingenierías y Tecnologías	Pregrado (o grado universitario)	Al medio	Público	Sí	No	Tercio superior	Sí	No	Estudiante universitario joven (16-24 años)	16-24 años	Nivel intermedio: Manejo adecuado de información y recursos digitales	Intermedio	Local (región de Arequipa)	Zona urbana	Sin experiencia de movilidad	Español	Monolingüe	Mestizo	Catolicismo	Nivel C: Ingreso familiar entre S/3,000 y S/5,000	Nivel C	Clase media	Funcionalidad física típica (sin discapacidad)	Funcionalidad cognitiva típica (sin discapacidad)	Típica	Hombre	Masculino	Heterosexual	Obtener mejores oportunidades laborales o económicas (expectativa de beneficio económico o laboral).	Adquirir conocimientos.	Quiero desarrollarme y destacar en mi carrera (realización profesional).	A fuerte	Auditivo, fuerte
M214	16	20	11	18	Moderada	Muy alta	Moderada	Alta	2026/04/11 1:41:51 a. m. GMT-4	Antropología	UNSA	Ciencias sociales y humanidades	Pregrado (o grado universitario)	Al inicio	Público	No	Sí	Tercio superior	Sí	Sí	Estudiante universitario de mediana edad (25-39 años)	25-39 años	Nivel alto: Dominio avanzado de competencias digitales	Alto	Local (región de Arequipa)	Zona rural	Movilidad local (a otra provincia de la región de Arequipa)	Español	Bilingüe	Mestizo	Catolicismo	Nivel C: Ingreso familiar entre S/3,000 y S/5,000	Nivel C	Clase trabajadora	Funcionalidad física típica (sin discapacidad)	Funcionalidad cognitiva típica (sin discapacidad)	Típica	Hombre	Masculino	Heterosexual	Interés en aprender y descubrir cosas nuevas (orientación al conocimiento).	Adquirir conocimientos.	Quiero desarrollarme y destacar en mi carrera (realización profesional).	ARK	Multimodal (ARK)
M215	9	15	10	11	Muy baja	Baja	Moderada	Muy baja	2026/04/11 4:13:03 a. m. GMT-4	Psicología 	UNSA	Ciencias sociales y humanidades	Pregrado (o grado universitario)	Al medio	Público	Sí	No	Tercio medio	No	No	Estudiante universitario joven (16-24 años)	16-24 años	Nivel intermedio: Manejo adecuado de información y recursos digitales	Intermedio	Nacional (otras regiones de Perú)	Zona urbana	Movilidad nacional (a otra región o ciudad de Perú)	Español	Bilingüe	Indígena Quechua	Deísmo	Nivel C: Ingreso familiar entre S/3,000 y S/5,000	Nivel C	Clase trabajadora	Limitaciones visuales	Funcionalidad cognitiva típica (sin discapacidad)	Típica	Mujer	Femenino	Heterosexual	Superación personal y alcanzar metas propias.	Adquirir conocimientos.	Quiero participar y aportar en iniciativas sociales (impacto social).	VR	Multimodal (VR)
M216	14	20	4	19	Moderada	Muy alta	Muy baja	Muy alta	2026/04/11 7:06:41 a. m. GMT-4	Contabilidad 	UNSA	Ciencias económicas, administrativas y empresariales	Pregrado (o grado universitario)	Al inicio	Privado	No	No	Tercio medio	Sí	No	Estudiante universitario joven (16-24 años)	16-24 años	Nivel intermedio: Manejo adecuado de información y recursos digitales	Intermedio	Local (región de Arequipa)	Zona urbana	Sin experiencia de movilidad	Español	Multilingüe	Mestizo	Catolicismo	Nivel E: Ingreso familiar menor a S/1,300	Nivel E	Clase media	Funcionalidad física típica (sin discapacidad)	Funcionalidad cognitiva típica (sin discapacidad)	Típica	Mujer	Femenino	Heterosexual	Evitar el desempleo o quedarme rezagado frente a mis pares (evitar consecuencias negativas).	Evitar reprobar materias o abandonar los estudios.	Quiero estabilidad material y financiera (seguridad económica).	R muy fuerte	Lectura/Escritura, muy fuerte
M217	19	15	13	14	Muy alta	Baja	Moderada	Moderada	2026/04/11 7:38:22 a. m. GMT-4	Ciencias de la Nutrición 	UNSA	Ciencias de la salud	Pregrado (o grado universitario)	Al inicio	Privado	Sí	No	Tercio medio	No	No	Estudiante universitario joven (16-24 años)	16-24 años	Nivel intermedio: Manejo adecuado de información y recursos digitales	Intermedio	Local (región de Arequipa)	Zona urbana	Sin experiencia de movilidad	Español	Bilingüe	Mestizo	Catolicismo	Nivel D: Ingreso familiar entre S/1,300 y S/3,000	Nivel D	Clase media	Funcionalidad física típica (sin discapacidad)	Funcionalidad cognitiva típica (sin discapacidad)	Típica	Mujer	Femenino	Heterosexual	La carrera que elegí corresponde a mis intereses o pasiones personales (orientación vocacional).	Recibir distinciones o premios académicos.	Quiero desarrollarme y destacar en mi carrera (realización profesional).	K fuerte	Kinestésico, fuerte
M218	8	18	10	18	Muy baja	Alta	Moderada	Alta	2026/04/11 8:42:32 a. m. GMT-4	Turismo y Hotelería 	UNSA	Ciencias sociales y humanidades	Pregrado (o grado universitario)	Al medio	Privado	No	No	Tercio superior	Sí	No	Estudiante universitario joven (16-24 años)	16-24 años	Nivel intermedio: Manejo adecuado de información y recursos digitales	Intermedio	Local (región de Arequipa)	Zona urbana	Sin experiencia de movilidad	Español	Bilingüe	Mestizo	Catolicismo	Nivel D: Ingreso familiar entre S/1,300 y S/3,000	Nivel D	Clase trabajadora	Funcionalidad física típica (sin discapacidad)	Funcionalidad cognitiva típica (sin discapacidad)	Típica	Mujer	Femenino	Heterosexual	Evitar el desempleo o quedarme rezagado frente a mis pares (evitar consecuencias negativas).	Adquirir conocimientos.	Quiero vivir, estudiar o trabajar en otros países (experiencia internacional).	K fuerte	Kinestésico, fuerte
M219	13	17	4	15	Moderada	Moderada	Muy baja	Moderada	2026/04/11 8:55:36 a. m. GMT-4	Programa de Biología 	UNSA	Ciencias naturales y exactas	Pregrado (o grado universitario)	Al final	Público	No	No	Tercio medio	Sí	No	Estudiante universitario joven (16-24 años)	16-24 años	Nivel intermedio: Manejo adecuado de información y recursos digitales	Intermedio	Nacional (otras regiones de Perú)	Zona urbana	Movilidad nacional (a otra región o ciudad de Perú)	Español	Bilingüe	Indígena Quechua	Protestantismo (evangélicos y pentecostalismo)	Nivel D: Ingreso familiar entre S/1,300 y S/3,000	Nivel D	Clase trabajadora	Funcionalidad física típica (sin discapacidad)	Funcionalidad cognitiva típica (sin discapacidad)	Típica	Mujer	Femenino	Heterosexual	Influencia o expectativas de mi familia o entorno social.	Evitar reprobar materias o abandonar los estudios.	Quiero equilibrio entre trabajo, familia y salud (equilibrio vida-trabajo).	AK	Multimodal (AK)
M220	14	17	9	9	Moderada	Moderada	Baja	Muy baja	2026/04/11 12:01:17 p. m. GMT-4	RRII	UNSA	Ciencias sociales y humanidades	Pregrado (o grado universitario)	Al inicio	Privado	Sí	No	Tercio superior	No	No	Estudiante universitario joven (16-24 años)	16-24 años	Nivel bajo: Conocimiento y manejo limitado de herramientas digitales	Bajo	Local (región de Arequipa)	Zona urbana	Movilidad local (a otra provincia de la región de Arequipa)	Español	Monolingüe	Mestizo	Deísmo	Nivel C: Ingreso familiar entre S/3,000 y S/5,000	Nivel C	Clase media	Funcionalidad física típica (sin discapacidad)	Dislexia	Dislexia	Mujer	Femenino	Heterosexual	La carrera que elegí corresponde a mis intereses o pasiones personales (orientación vocacional).	Usar esta formación para acceder a posgrados o especializaciones.	Quiero desarrollarme y destacar en mi carrera (realización profesional).	VAK	Multimodal (VAK)
M221	12	18	10	16	Baja	Alta	Moderada	Moderada	2026/04/11 2:05:13 p. m. GMT-4	Ingenieria de Producción y Servicios / Ing. de Sistemas	UNSA	Ingenierías y Tecnologías	Pregrado (o grado universitario)	Al inicio	Privado	Sí	No	Tercio superior	No	No	Estudiante universitario joven (16-24 años)	16-24 años	Nivel intermedio: Manejo adecuado de información y recursos digitales	Intermedio	Local (región de Arequipa)	Zona urbana	Movilidad local (a otra provincia de la región de Arequipa)	Español	Monolingüe	Mestizo	Catolicismo	Nivel E: Ingreso familiar menor a S/1,300	Nivel E	Subclase o clase popular	Funcionalidad física típica (sin discapacidad)	Funcionalidad cognitiva típica (sin discapacidad)	Típica	Mujer	Femenino	Heterosexual	La carrera que elegí corresponde a mis intereses o pasiones personales (orientación vocacional).	Obtener buenas calificaciones.	Quiero desarrollarme y destacar en mi carrera (realización profesional).	VARK integrativo	Multimodal (VARK Integrativo)
M222	15	18	9	17	Moderada	Alta	Baja	Alta	2026/04/11 2:06:39 p. m. GMT-4	Educación - Programa de Idiomas	UNSA	Ciencias sociales y humanidades	Pregrado (o grado universitario)	Al inicio	Privado	No	No	Tercio superior	No	Sí	Estudiante universitario joven (16-24 años)	16-24 años	Nivel intermedio: Manejo adecuado de información y recursos digitales	Intermedio	Local (región de Arequipa)	Zona urbana	Sin experiencia de movilidad	Español	Multilingüe	Mestizo	Agnosticismo	Nivel D: Ingreso familiar entre S/1,300 y S/3,000	Nivel D	Subclase o clase popular	Funcionalidad física típica (sin discapacidad)	Funcionalidad cognitiva típica (sin discapacidad)	Típica	No binario	Femenino	Pansexual	Interés en aprender y descubrir cosas nuevas (orientación al conocimiento).	Adquirir conocimientos.	Quiero continuar con posgrados o especializaciones (estudios avanzados).	VRK	Multimodal (VRK)
M223	17	17	8	17	Alta	Moderada	Baja	Alta	2026/04/11 2:39:57 p. m. GMT-4	Ingenieria Quimica	UNSA	Ingenierías y Tecnologías	Pregrado (o grado universitario)	Al inicio	Privado	Sí	No	Tercio superior	No	Sí	Estudiante universitario joven (16-24 años)	16-24 años	Nivel intermedio: Manejo adecuado de información y recursos digitales	Intermedio	Local (región de Arequipa)	Zona urbana	Sin experiencia de movilidad	Español	Monolingüe	Otro o ninguno	Deísmo	Nivel E: Ingreso familiar menor a S/1,300	Nivel E	Clase trabajadora	Funcionalidad física típica (sin discapacidad)	Funcionalidad cognitiva típica (sin discapacidad)	Típica	Mujer	Femenino	Heterosexual	Obtener mejores oportunidades laborales o económicas (expectativa de beneficio económico o laboral).	Recibir distinciones o premios académicos.	Quiero desarrollarme y destacar en mi carrera (realización profesional).	VR	Multimodal (VR)
M224	11	17	9	17	Baja	Moderada	Baja	Alta	2026/04/11 3:17:19 p. m. GMT-4	Literatura y Lingüística	UNSA	Ciencias sociales y humanidades	Pregrado (o grado universitario)	Al inicio	Privado	No	No	Tercio superior	No	No	Estudiante universitario joven (16-24 años)	16-24 años	Nivel intermedio: Manejo adecuado de información y recursos digitales	Intermedio	Local (región de Arequipa)	Zona urbana	Movilidad local (a otra provincia de la región de Arequipa)	Español	Bilingüe	Mestizo	Budismo	Nivel C: Ingreso familiar entre S/3,000 y S/5,000	Nivel C	Clase media	Funcionalidad física típica (sin discapacidad)	Funcionalidad cognitiva típica (sin discapacidad)	Típica	Hombre	Masculino	Heterosexual	La carrera que elegí corresponde a mis intereses o pasiones personales (orientación vocacional).	Adquirir conocimientos.	Quiero continuar con posgrados o especializaciones (estudios avanzados).	VARK	Multimodal (VARK)
M225	14	14	12	13	Moderada	Baja	Moderada	Baja	2026/04/11 3:43:58 p. m. GMT-4	pregrado/ingeneria electrica	UNSA	Ingenierías y Tecnologías	Pregrado (o grado universitario)	Al inicio	Privado	Sí	No	Tercio superior	No	Sí	Estudiante universitario joven (16-24 años)	16-24 años	Nivel bajo: Conocimiento y manejo limitado de herramientas digitales	Bajo	Local (región de Arequipa)	Zona urbana	Sin experiencia de movilidad	Español	Monolingüe	Otro o ninguno	Cristianismo	Nivel B: Ingreso familiar entre S/5,000 y S/25,000	Nivel B	Clase media	Funcionalidad física típica (sin discapacidad)	Funcionalidad cognitiva típica (sin discapacidad)	Típica	Mujer	Femenino	Bisexual	La carrera que elegí corresponde a mis intereses o pasiones personales (orientación vocacional).	Evitar reprobar materias o abandonar los estudios.	Quiero equilibrio entre trabajo, familia y salud (equilibrio vida-trabajo).	VARK selectivo	Multimodal (VARK Selectivo)
M226	18	13	12	12	Alta	Baja	Moderada	Baja	2026/04/11 4:42:20 p. m. GMT-4	Derecho	UNSA	Ciencias sociales y humanidades	Pregrado (o grado universitario)	Al inicio	Público	Sí	No	Tercio superior	No	No	Estudiante universitario joven (16-24 años)	16-24 años	Nivel intermedio: Manejo adecuado de información y recursos digitales	Intermedio	Local (región de Arequipa)	Zona urbana	Movilidad nacional (a otra región o ciudad de Perú)	Español	Bilingüe	Mestizo	Agnosticismo	Nivel D: Ingreso familiar entre S/1,300 y S/3,000	Nivel D	Clase trabajadora	Funcionalidad física típica (sin discapacidad)	Funcionalidad cognitiva típica (sin discapacidad)	Típica	Mujer	Femenino		La carrera que elegí corresponde a mis intereses o pasiones personales (orientación vocacional).	Recibir distinciones o premios académicos.	Quiero desarrollarme y destacar en mi carrera (realización profesional).	K fuerte	Kinestésico, fuerte
M227	15	14	7	15	Moderada	Baja	Muy baja	Moderada	2026/04/11 5:09:22 p. m. GMT-4	Ing. de materiales	UNSA	Ingenierías y Tecnologías	Pregrado (o grado universitario)	Al inicio	Público	Sí	No	Tercio superior	Sí	Sí	Estudiante universitario joven (16-24 años)	16-24 años	Nivel intermedio: Manejo adecuado de información y recursos digitales	Intermedio	Local (región de Arequipa)	Zona urbana	Sin experiencia de movilidad	Español	Monolingüe	Mestizo	Catolicismo	Nivel D: Ingreso familiar entre S/1,300 y S/3,000	Nivel D	Clase trabajadora	Funcionalidad física típica (sin discapacidad)	Funcionalidad cognitiva típica (sin discapacidad)	Típica	Mujer	Femenino	Heterosexual	Superación personal y alcanzar metas propias.	Usar esta formación para acceder a posgrados o especializaciones.	Quiero crear mi propio proyecto o empresa (emprendimiento).	ARK	Multimodal (ARK)
M228	17	18	16	15	Alta	Alta	Alta	Moderada	2026/04/11 5:28:48 p. m. GMT-4	Física	UNSA	Ciencias naturales y exactas	Pregrado (o grado universitario)	Al inicio	Público	Sí	Sí	Tercio superior	No	No	Estudiante universitario joven (16-24 años)	16-24 años	Nivel intermedio: Manejo adecuado de información y recursos digitales	Intermedio	Local (región de Arequipa)	Zona urbana	Movilidad local (a otra provincia de la región de Arequipa)	Español	Monolingüe	Mestizo	Catolicismo	Nivel D: Ingreso familiar entre S/1,300 y S/3,000	Nivel D	Clase media	Funcionalidad física típica (sin discapacidad)	Funcionalidad cognitiva típica (sin discapacidad)	Típica	Hombre	Masculino	Heterosexual	Influencia o expectativas de mi familia o entorno social.	Adquirir conocimientos.	Quiero estabilidad material y financiera (seguridad económica).	V media	Visual, media
M229	15	17	5	19	Moderada	Moderada	Muy baja	Muy alta	2026/04/11 7:03:46 p. m. GMT-4	Gestión de proyectos 	UNSA	Ciencias económicas, administrativas y empresariales	Pregrado (o grado universitario)	Al final	Público	Sí	Sí	Tercio superior	Sí	Sí	Estudiante universitario de mediana edad (25-39 años)	25-39 años	Nivel alto: Dominio avanzado de competencias digitales	Alto	Local (región de Arequipa)	Zona urbana	Movilidad nacional (a otra región o ciudad de Perú)	Español	Bilingüe	Mestizo	Catolicismo	Nivel C: Ingreso familiar entre S/3,000 y S/5,000	Nivel C	Clase trabajadora	Funcionalidad física típica (sin discapacidad)	Funcionalidad cognitiva típica (sin discapacidad)	Típica	Hombre	Masculino	Heterosexual	Obtener mejores oportunidades laborales o económicas (expectativa de beneficio económico o laboral).	Adquirir conocimientos.	Quiero crear mi propio proyecto o empresa (emprendimiento).	VK	Multimodal (VK)
M230	16	19	10	15	Moderada	Alta	Moderada	Moderada	2026/04/11 7:49:57 p. m. GMT-4	Ingenieria Mecánica	UNSA	Ingenierías y Tecnologías	Pregrado (o grado universitario)	Al final	Público	Sí	No	Tercio medio	No	Sí	Estudiante universitario joven (16-24 años)	16-24 años	Nivel bajo: Conocimiento y manejo limitado de herramientas digitales	Bajo	Nacional (otras regiones de Perú)	Zona urbana	Movilidad nacional (a otra región o ciudad de Perú)	Español	Monolingüe	Mestizo	Catolicismo	Nivel E: Ingreso familiar menor a S/1,300	Nivel E	Subclase o clase popular	Funcionalidad física típica (sin discapacidad)	Dislexia	Dislexia	Hombre	Masculino	Heterosexual	Influencia o expectativas de mi familia o entorno social.	Evitar reprobar materias o abandonar los estudios.	Quiero estabilidad material y financiera (seguridad económica).	VARK	Multimodal (VARK)
M231	12	16	8	16	Baja	Moderada	Baja	Moderada	2026/04/11 8:52:54 p. m. GMT-4	Medicina 	UNSA	Ciencias de la salud	Pregrado (o grado universitario)	Al inicio	Público	Sí	No	Tercio superior	No	No	Estudiante universitario joven (16-24 años)	16-24 años	Nivel intermedio: Manejo adecuado de información y recursos digitales	Intermedio	Local (región de Arequipa)	Zona urbana	Sin experiencia de movilidad	Español	Monolingüe	Mestizo	Agnosticismo	Nivel D: Ingreso familiar entre S/1,300 y S/3,000	Nivel D	Clase trabajadora	Limitaciones visuales	Funcionalidad cognitiva típica (sin discapacidad)	Típica	Hombre	Masculino	Asexual	Interés en aprender y descubrir cosas nuevas (orientación al conocimiento).	Usar esta formación para acceder a posgrados o especializaciones.	Quiero vivir, estudiar o trabajar en otros países (experiencia internacional).	VR	Multimodal (VR)
M232	16	20	8	17	Moderada	Muy alta	Baja	Alta	2026/04/11 8:58:51 p. m. GMT-4	Turismo y hotelería 	UNSA	Ciencias sociales y humanidades	Pregrado (o grado universitario)	Al inicio	Público	Sí	No	Tercio superior	No	Sí	Estudiante universitario joven (16-24 años)	16-24 años	Nivel intermedio: Manejo adecuado de información y recursos digitales	Intermedio	Nacional (otras regiones de Perú)	Zona rural	Movilidad nacional (a otra región o ciudad de Perú)	Español	Monolingüe	Mestizo	Cristianismo	Nivel D: Ingreso familiar entre S/1,300 y S/3,000	Nivel D	Clase media	Funcionalidad física típica (sin discapacidad)	Funcionalidad cognitiva típica (sin discapacidad)	Típica	Mujer	Femenino	Heterosexual	La carrera que elegí corresponde a mis intereses o pasiones personales (orientación vocacional).	Adquirir conocimientos.	Quiero crear mi propio proyecto o empresa (emprendimiento).	AK	Multimodal (AK)
M233	19	18	18	13	Muy alta	Alta	Muy alta	Baja	2026/04/11 9:41:16 p. m. GMT-4	Psicologia	UNSA	Ciencias sociales y humanidades	Pregrado (o grado universitario)	Al inicio	Privado	No	No	Tercio medio	Sí	No	Estudiante universitario joven (16-24 años)	16-24 años	Nivel intermedio: Manejo adecuado de información y recursos digitales	Intermedio	Local (región de Arequipa)	Zona urbana	Sin experiencia de movilidad	Español	Bilingüe	Mestizo	Agnosticismo	Nivel D: Ingreso familiar entre S/1,300 y S/3,000	Nivel D	Clase trabajadora	Funcionalidad física típica (sin discapacidad)	Funcionalidad cognitiva típica (sin discapacidad)	Típica	No binario	Femenino	Pansexual	Interés en aprender y descubrir cosas nuevas (orientación al conocimiento).	Recibir distinciones o premios académicos.	Quiero participar y aportar en iniciativas sociales (impacto social).	AK	Multimodal (AK)
M234	15	18	11	16	Moderada	Alta	Moderada	Moderada	2026/04/11 9:41:48 p. m. GMT-4	Pregrado/Química 	UNSA	Ciencias naturales y exactas	Pregrado (o grado universitario)	Al inicio	Privado	Sí	No	Tercio medio	No	No	Estudiante universitario joven (16-24 años)	16-24 años	Nivel intermedio: Manejo adecuado de información y recursos digitales	Intermedio	Local (región de Arequipa)	Zona urbana	Movilidad local (a otra provincia de la región de Arequipa)	Español	Monolingüe	Mestizo	Deísmo	Nivel D: Ingreso familiar entre S/1,300 y S/3,000	Nivel D	Clase trabajadora	Limitaciones visuales	Funcionalidad cognitiva típica (sin discapacidad)	Típica	Mujer	Femenino	Pansexual	Superación personal y alcanzar metas propias.	Recibir distinciones o premios académicos.	Quiero vivir, estudiar o trabajar en otros países (experiencia internacional).	VAK	Multimodal (VAK)
M235	9	14	11	12	Muy baja	Baja	Moderada	Baja	2026/04/11 10:43:27 p. m. GMT-4	Ingeniería Química	UNSA	Ingenierías y Tecnologías	Pregrado (o grado universitario)	Al inicio	Privado	Sí	No	Tercio superior	No	No	Estudiante universitario joven (16-24 años)	16-24 años	Nivel intermedio: Manejo adecuado de información y recursos digitales	Intermedio	Local (región de Arequipa)	Zona urbana	Sin experiencia de movilidad	Español	Monolingüe	Mestizo	Catolicismo	Nivel C: Ingreso familiar entre S/3,000 y S/5,000	Nivel C	Clase trabajadora	Funcionalidad física típica (sin discapacidad)	Funcionalidad cognitiva típica (sin discapacidad)	Típica	Mujer	Femenino	Heterosexual	Superación personal y alcanzar metas propias.	Usar esta formación para acceder a posgrados o especializaciones.	Quiero vivir, estudiar o trabajar en otros países (experiencia internacional).	K fuerte	Kinestésico, fuerte
M236	7	17	5	17	Muy baja	Moderada	Muy baja	Alta	2026/04/11 10:49:30 p. m. GMT-4	Ingeniería Industrial	UNSA	Ingenierías y Tecnologías	Pregrado (o grado universitario)	Al medio	Privado	No	No	Tercio superior	No	No	Estudiante universitario joven (16-24 años)	16-24 años	Nivel intermedio: Manejo adecuado de información y recursos digitales	Intermedio	Nacional (otras regiones de Perú)	Zona urbana	Movilidad nacional (a otra región o ciudad de Perú)	Español	Multilingüe	Blanco	Catolicismo	Nivel C: Ingreso familiar entre S/3,000 y S/5,000	Nivel C	Clase media	Limitaciones visuales	Funcionalidad cognitiva típica (sin discapacidad)	Típica	Mujer	Femenino	Heterosexual	Superación personal y alcanzar metas propias.	Adquirir conocimientos.	Quiero vivir, estudiar o trabajar en otros países (experiencia internacional).	VAR	Multimodal (VAR)
M237	11	18	12	13	Baja	Alta	Moderada	Baja	2026/04/11 11:04:00 p. m. GMT-4	Ing. Mecanico	UNSA	Ingenierías y Tecnologías	Pregrado (o grado universitario)	Al inicio	Público	Sí	No	Tercio medio	No	Sí	Estudiante universitario joven (16-24 años)	16-24 años	Nivel bajo: Conocimiento y manejo limitado de herramientas digitales	Bajo	Local (región de Arequipa)	Zona rural	Movilidad local (a otra provincia de la región de Arequipa)	Español	Monolingüe	Mestizo	Catolicismo	Nivel C: Ingreso familiar entre S/3,000 y S/5,000	Nivel C	Clase media	Funcionalidad física típica (sin discapacidad)	Trastorno por déficit de atención con hiperactividad (TDAH)	TDAH	Hombre	Masculino	Heterosexual	Superación personal y alcanzar metas propias.	Usar esta formación para acceder a posgrados o especializaciones.	Quiero vivir, estudiar o trabajar en otros países (experiencia internacional).	VAR	Multimodal (VAR)
M238	11	17	13	13	Baja	Moderada	Moderada	Baja	2026/04/11 11:14:39 p. m. GMT-4	Fisica	UNSA	Ingenierías y Tecnologías	Pregrado (o grado universitario)	Al inicio	Privado	No	No	Tercio medio	No	Sí	Estudiante universitario joven (16-24 años)	16-24 años	Nivel bajo: Conocimiento y manejo limitado de herramientas digitales	Bajo	Local (región de Arequipa)	Zona urbana	Movilidad local (a otra provincia de la región de Arequipa)	Español	Monolingüe	Mestizo	Deísmo	Nivel E: Ingreso familiar menor a S/1,300	Nivel E	Clase trabajadora	Limitaciones visuales	Funcionalidad cognitiva típica (sin discapacidad)	Típica	Hombre	Masculino	Heterosexual	Interés en aprender y descubrir cosas nuevas (orientación al conocimiento).	Usar esta formación para acceder a posgrados o especializaciones.	Quiero continuar con posgrados o especializaciones (estudios avanzados).	R fuerte	Lectura/Escritura, fuerte
M239	11	18	8	16	Baja	Alta	Baja	Moderada	2026/04/11 11:25:43 p. m. GMT-4	BIOLOGÍA	UNSA	Ciencias naturales y exactas	Pregrado (o grado universitario)	Al inicio	Público	Sí	No	Tercio medio	No	Sí	Estudiante universitario joven (16-24 años)	16-24 años	Nivel alto: Dominio avanzado de competencias digitales	Alto	Local (región de Arequipa)	Zona urbana	Movilidad local (a otra provincia de la región de Arequipa)	Español	Monolingüe	Mestizo	Agnosticismo	Nivel D: Ingreso familiar entre S/1,300 y S/3,000	Nivel D	Subclase o clase popular	Funcionalidad física típica (sin discapacidad)	Otras formas de neurodiversidad	Otras	Hombre	Masculino	Heterosexual	La carrera que elegí corresponde a mis intereses o pasiones personales (orientación vocacional).	Usar esta formación para acceder a posgrados o especializaciones.	Quiero participar y aportar en iniciativas sociales (impacto social).	VARK integrativo	Multimodal (VARK Integrativo)
M240	12	16	8	18	Baja	Moderada	Baja	Alta	2026/04/11 11:29:50 p. m. GMT-4	Nutrición.	UNSA	Ciencias de la salud	Pregrado (o grado universitario)	Al inicio	Público	Sí	No	Tercio superior	No	Sí	Estudiante universitario joven (16-24 años)	16-24 años	Nivel bajo: Conocimiento y manejo limitado de herramientas digitales	Bajo	Extranjero (otro país)	Zona urbana	Movilidad internacional (a otro país)	Español	Monolingüe	Mestizo	Catolicismo	Nivel D: Ingreso familiar entre S/1,300 y S/3,000	Nivel D	Clase trabajadora	Funcionalidad física típica (sin discapacidad)	Funcionalidad cognitiva típica (sin discapacidad)	Típica	Mujer	Femenino	Heterosexual	Interés en aprender y descubrir cosas nuevas (orientación al conocimiento).	Adquirir conocimientos.	Quiero continuar con posgrados o especializaciones (estudios avanzados).	A fuerte	Auditivo, fuerte
M241	12	16	8	11	Baja	Moderada	Baja	Muy baja	2026/04/11 11:31:36 p. m. GMT-4	Ciencias de la comunicación - Especialidad Relaciones Publicas	UNSA	Ciencias sociales y humanidades	Pregrado (o grado universitario)	Al inicio	Público	No	Sí	Tercio superior	No	No	Estudiante universitario joven (16-24 años)	16-24 años	Nivel intermedio: Manejo adecuado de información y recursos digitales	Intermedio	Local (región de Arequipa)	Zona urbana	Movilidad local (a otra provincia de la región de Arequipa)	Español	Monolingüe	Mestizo	Deísmo	Nivel E: Ingreso familiar menor a S/1,300	Nivel E	Subclase o clase popular	Limitaciones visuales	Funcionalidad cognitiva típica (sin discapacidad)	Típica	Mujer	Femenino	Asexual	Obtener mejores oportunidades laborales o económicas (expectativa de beneficio económico o laboral).	Usar esta formación para acceder a posgrados o especializaciones.	Quiero vivir, estudiar o trabajar en otros países (experiencia internacional).	AK	Multimodal (AK)
M242	15	17	4	13	Moderada	Moderada	Muy baja	Baja	2026/04/12 12:54:06 a. m. GMT-4	Contabilidad 	UNSA	Ciencias económicas, administrativas y empresariales	Pregrado (o grado universitario)	Al inicio	Privado	Sí	Sí	Tercio superior	No	Sí	Estudiante universitario joven (16-24 años)	16-24 años	Nivel bajo: Conocimiento y manejo limitado de herramientas digitales	Bajo	Local (región de Arequipa)	Zona urbana	Sin experiencia de movilidad	Español	Monolingüe	Indígena Quechua	Protestantismo (evangélicos y pentecostalismo)	Nivel D: Ingreso familiar entre S/1,300 y S/3,000	Nivel D	Clase trabajadora	Funcionalidad física típica (sin discapacidad)	Funcionalidad cognitiva típica (sin discapacidad)	Típica	Mujer	Femenino	Heterosexual	Obtener mejores oportunidades laborales o económicas (expectativa de beneficio económico o laboral).	Recibir distinciones o premios académicos.	Quiero desarrollarme y destacar en mi carrera (realización profesional).	ARK	Multimodal (ARK)
M243	12	18	10	16	Baja	Alta	Moderada	Moderada	2026/04/12 1:33:48 a. m. GMT-4	Odontólogia 	UCSM	Ciencias de la salud	Pregrado (o grado universitario)	Al inicio	Privado	Sí	No	Tercio medio	No	Sí	Estudiante universitario joven (16-24 años)	16-24 años	Nivel intermedio: Manejo adecuado de información y recursos digitales	Intermedio	Local (región de Arequipa)	Zona rural	Movilidad local (a otra provincia de la región de Arequipa)	Español	Monolingüe	Mestizo	Catolicismo	Nivel B: Ingreso familiar entre S/5,000 y S/25,000	Nivel B	Clase alta (burguesía)	Funcionalidad física típica (sin discapacidad)	Funcionalidad cognitiva típica (sin discapacidad)	Típica	Mujer	Femenino	Heterosexual	La carrera que elegí corresponde a mis intereses o pasiones personales (orientación vocacional).	Recibir distinciones o premios académicos.	Quiero estabilidad material y financiera (seguridad económica).	K fuerte	Kinestésico, fuerte
M244	8	17	9	12	Muy baja	Moderada	Baja	Baja	2026/04/12 7:15:02 a. m. GMT-4	Administración	UNSA	Ciencias económicas, administrativas y empresariales	Pregrado (o grado universitario)	Al inicio	Privado	No	No	Tercio medio	No	No	Estudiante universitario joven (16-24 años)	16-24 años	Nivel intermedio: Manejo adecuado de información y recursos digitales	Intermedio	Local (región de Arequipa)	Zona urbana	Sin experiencia de movilidad	Español	Bilingüe	Otro o ninguno	Agnosticismo	Nivel C: Ingreso familiar entre S/3,000 y S/5,000	Nivel C	Clase media	Funcionalidad física típica (sin discapacidad)	Funcionalidad cognitiva típica (sin discapacidad)	Típica	Mujer	Femenino		Evitar el desempleo o quedarme rezagado frente a mis pares (evitar consecuencias negativas).	Usar esta formación para acceder a posgrados o especializaciones.	Quiero vivir, estudiar o trabajar en otros países (experiencia internacional).	VK	Multimodal (VK)
M245	17	14	9	15	Alta	Baja	Baja	Moderada	2026/04/12 9:29:07 a. m. GMT-4	Ciencias naturales y formales QUIMICA	UNSA	Ciencias naturales y exactas	Pregrado (o grado universitario)	Al inicio	Privado	Sí	No	Tercio superior	Sí	Sí	Estudiante universitario joven (16-24 años)	16-24 años	Nivel alto: Dominio avanzado de competencias digitales	Alto	Local (región de Arequipa)	Zona rural	Sin experiencia de movilidad	Español	Monolingüe	Mestizo	Adventismo	Nivel E: Ingreso familiar menor a S/1,300	Nivel E	Subclase o clase popular	Funcionalidad física típica (sin discapacidad)	Trastorno por déficit de atención con hiperactividad (TDAH)	TDAH	Mujer	Femenino	Heterosexual	La carrera que elegí corresponde a mis intereses o pasiones personales (orientación vocacional).	Recibir distinciones o premios académicos.	Quiero desarrollarme y destacar en mi carrera (realización profesional).	RK	Multimodal (RK)
M246	15	15	11	16	Moderada	Baja	Moderada	Moderada	2026/04/12 10:16:25 a. m. GMT-4	Literatura y lingüística 	UNSA	Ciencias sociales y humanidades	Pregrado (o grado universitario)	Al medio	Público	Sí	No	Tercio medio	No	No	Estudiante universitario de mediana edad (25-39 años)	25-39 años	Nivel bajo: Conocimiento y manejo limitado de herramientas digitales	Bajo	Local (región de Arequipa)	Capital de país	Movilidad local (a otra provincia de la región de Arequipa)	Español	Monolingüe	Mestizo	Catolicismo	Nivel D: Ingreso familiar entre S/1,300 y S/3,000	Nivel D	Clase media	Funcionalidad física típica (sin discapacidad)	Funcionalidad cognitiva típica (sin discapacidad)	Típica	Hombre	Masculino	Sexual	Interés en aprender y descubrir cosas nuevas (orientación al conocimiento).	Adquirir conocimientos.	Quiero continuar con posgrados o especializaciones (estudios avanzados).	K muy fuerte	Kinestésico, muy fuerte
M247	11	13	9	14	Baja	Baja	Baja	Moderada	2026/04/12 11:34:31 a. m. GMT-4	ingeniería de telecomunicaciones	UNSA	Ingenierías y Tecnologías	Pregrado (o grado universitario)	Al inicio	Privado	Sí	No	Tercio superior	No	Sí	Estudiante universitario joven (16-24 años)	16-24 años	Nivel bajo: Conocimiento y manejo limitado de herramientas digitales	Bajo	Local (región de Arequipa)	Zona urbana	Sin experiencia de movilidad	Español	Monolingüe	Mestizo	Catolicismo	Nivel E: Ingreso familiar menor a S/1,300	Nivel E	Clase trabajadora	Funcionalidad física típica (sin discapacidad)	Funcionalidad cognitiva típica (sin discapacidad)	Típica	Hombre	Masculino	Heterosexual	Obtener mejores oportunidades laborales o económicas (expectativa de beneficio económico o laboral).	Evitar reprobar materias o abandonar los estudios.	Quiero equilibrio entre trabajo, familia y salud (equilibrio vida-trabajo).	V media	Visual, media
M248	17	12	7	16	Alta	Muy baja	Muy baja	Moderada	2026/04/12 2:25:26 p. m. GMT-4	MEDICINA	UNSA	Ciencias de la salud	Especialidad	Al inicio	Público	Sí	No	Tercio medio	No	Sí	Estudiante universitario de mediana edad (25-39 años)	25-39 años	Nivel intermedio: Manejo adecuado de información y recursos digitales	Intermedio	Local (región de Arequipa)	Zona urbana	Movilidad local (a otra provincia de la región de Arequipa)	Español	Monolingüe	Mestizo	Catolicismo	Nivel E: Ingreso familiar menor a S/1,300	Nivel E	Subclase o clase popular	Funcionalidad física típica (sin discapacidad)	Funcionalidad cognitiva típica (sin discapacidad)	Típica	Hombre	Masculino	Heterosexual	Interés en aprender y descubrir cosas nuevas (orientación al conocimiento).	Obtener buenas calificaciones.	Quiero crear mi propio proyecto o empresa (emprendimiento).	VAR	Multimodal (VAR)
M249	13	14	16	16	Moderada	Baja	Alta	Moderada	2026/04/12 4:22:32 p. m. GMT-4	Ingenieria ambiental 	UNSA	Ciencias naturales y exactas	Pregrado (o grado universitario)	Al inicio	Público	Sí	No	Tercio superior	Sí	Sí	Estudiante universitario joven (16-24 años)	16-24 años	Nivel intermedio: Manejo adecuado de información y recursos digitales	Intermedio	Nacional (otras regiones de Perú)	Zona urbana	Sin experiencia de movilidad	Español	Monolingüe	Mestizo	Catolicismo	Nivel D: Ingreso familiar entre S/1,300 y S/3,000	Nivel D	Clase trabajadora	Funcionalidad física típica (sin discapacidad)	Funcionalidad cognitiva típica (sin discapacidad)	Típica	Mujer	Femenino	Bisexual	Superación personal y alcanzar metas propias.	Obtener buenas calificaciones.	Quiero desarrollarme y destacar en mi carrera (realización profesional).	VARK integrativo	Multimodal (VARK Integrativo)
M250	14	16	7	15	Moderada	Moderada	Muy baja	Moderada	2026/04/12 6:32:46 p. m. GMT-4	Arquitectura 	UNSA	Artes y diseño	Pregrado (o grado universitario)	Al inicio	Público	No	No	Tercio superior	No	No	Estudiante universitario joven (16-24 años)	16-24 años	Nivel intermedio: Manejo adecuado de información y recursos digitales	Intermedio	Local (región de Arequipa)	Zona urbana	Sin experiencia de movilidad	Español	Bilingüe	Mestizo	Catolicismo	Nivel D: Ingreso familiar entre S/1,300 y S/3,000	Nivel D	Clase media	Funcionalidad física típica (sin discapacidad)	Funcionalidad cognitiva típica (sin discapacidad)	Típica	Mujer	Femenino	Heterosexual	La carrera que elegí corresponde a mis intereses o pasiones personales (orientación vocacional).	Adquirir conocimientos.	Quiero continuar con posgrados o especializaciones (estudios avanzados).	ARK	Multimodal (ARK)
M251	11	15	12	10	Baja	Baja	Moderada	Muy baja	2026/04/12 7:25:10 p. m. GMT-4	Trabajo social 	UNSA	Ciencias sociales y humanidades	Pregrado (o grado universitario)	Al inicio	Privado	Sí	No	Tercio superior	No	Sí	Estudiante universitario joven (16-24 años)	16-24 años	Nivel intermedio: Manejo adecuado de información y recursos digitales	Intermedio	Local (región de Arequipa)	Zona urbana	Sin experiencia de movilidad	Español	Monolingüe	Mestizo	Deísmo	Nivel C: Ingreso familiar entre S/3,000 y S/5,000	Nivel C	Clase media	Limitaciones visuales	Funcionalidad cognitiva típica (sin discapacidad)	Típica	Mujer	Femenino	Heterosexual	Obtener mejores oportunidades laborales o económicas (expectativa de beneficio económico o laboral).	Obtener buenas calificaciones.	Quiero continuar con posgrados o especializaciones (estudios avanzados).	AK	Multimodal (AK)
M252	7	14	10	11	Muy baja	Baja	Moderada	Muy baja	2026/04/12 9:27:24 p. m. GMT-4	ENFERMERÍA	UNSA	Ciencias de la salud	Pregrado (o grado universitario)	Al inicio	Privado	Sí	No	Tercio superior	Sí	Sí	Estudiante universitario joven (16-24 años)	16-24 años	Nivel intermedio: Manejo adecuado de información y recursos digitales	Intermedio	Local (región de Arequipa)	Zona urbana	Sin experiencia de movilidad	Español	Monolingüe	Mestizo	Catolicismo	Nivel D: Ingreso familiar entre S/1,300 y S/3,000	Nivel D	Clase trabajadora	Limitaciones visuales	Funcionalidad cognitiva típica (sin discapacidad)	Típica	Mujer	Femenino	Bisexual	La carrera que elegí corresponde a mis intereses o pasiones personales (orientación vocacional).	Hacer vínculos y contactos útiles.	Quiero equilibrio entre trabajo, familia y salud (equilibrio vida-trabajo).	AK	Multimodal (AK)
M253	10	12	9	12	Muy baja	Muy baja	Baja	Baja	2026/04/12 9:37:04 p. m. GMT-4	Química 	UNSA	Ciencias naturales y exactas	Pregrado (o grado universitario)	Al inicio	Público	Sí	No	Tercio medio	Sí	No	Estudiante universitario joven (16-24 años)	16-24 años	Nivel bajo: Conocimiento y manejo limitado de herramientas digitales	Bajo	Local (región de Arequipa)	Zona urbana	Sin experiencia de movilidad	Español	Monolingüe	Mestizo	Catolicismo	Nivel E: Ingreso familiar menor a S/1,300	Nivel E	Clase media	Funcionalidad física típica (sin discapacidad)	Trastorno por déficit de atención con hiperactividad (TDAH)	TDAH	Mujer	Femenino	Bisexual	Evitar el desempleo o quedarme rezagado frente a mis pares (evitar consecuencias negativas).	Evitar reprobar materias o abandonar los estudios.	Quiero estabilidad material y financiera (seguridad económica).	V media	Visual, media
M254	12	19	10	15	Baja	Alta	Moderada	Moderada	2026/04/12 10:14:32 p. m. GMT-4	Ingeniería de Sistemas	UNSA	Ingenierías y Tecnologías	Pregrado (o grado universitario)	Al inicio	Público	No	No	Tercio superior	No	No	Estudiante universitario joven (16-24 años)	16-24 años	Nivel intermedio: Manejo adecuado de información y recursos digitales	Intermedio	Local (región de Arequipa)	Zona urbana	Sin experiencia de movilidad	Español	Multilingüe	Mestizo	Catolicismo			Clase media	Funcionalidad física típica (sin discapacidad)	Funcionalidad cognitiva típica (sin discapacidad)	Típica	Hombre	Masculino	Heterosexual	La carrera que elegí corresponde a mis intereses o pasiones personales (orientación vocacional).	Obtener buenas calificaciones.	Quiero equilibrio entre trabajo, familia y salud (equilibrio vida-trabajo).	AK	Multimodal (AK)
M255	14	12	8	15	Moderada	Muy baja	Baja	Moderada	2026/04/12 11:21:24 p. m. GMT-4	Ciencias de la comunicación. Relaciones públicas 	UNSA	Ciencias de la salud	Pregrado (o grado universitario)	Al inicio	Público	No	No	Tercio superior	No	Sí	Estudiante universitario joven (16-24 años)	16-24 años	Nivel bajo: Conocimiento y manejo limitado de herramientas digitales	Bajo	Local (región de Arequipa)	Capital de país	Movilidad local (a otra provincia de la región de Arequipa)	Español	Bilingüe	Afroperuano	Testigo de Jehová	Nivel C: Ingreso familiar entre S/3,000 y S/5,000	Nivel C	Clase trabajadora	Limitaciones visuales	Trastorno por déficit de atención con hiperactividad (TDAH)	TDAH	Mujer	Femenino	Heterosexual	Interés en aprender y descubrir cosas nuevas (orientación al conocimiento).	Recibir distinciones o premios académicos.	Quiero vivir, estudiar o trabajar en otros países (experiencia internacional).	V muy fuerte	Visual, muy fuerte
M256	17	15	10	19	Alta	Baja	Moderada	Muy alta	2026/04/13 3:47:04 a. m. GMT-4	Ingenieria Quimica	UNSA	Ingenierías y Tecnologías	Pregrado (o grado universitario)	Al medio	Público	No	Sí	Tercio superior	No	No	Estudiante universitario joven (16-24 años)	16-24 años	Nivel intermedio: Manejo adecuado de información y recursos digitales	Intermedio	Nacional (otras regiones de Perú)	Zona rural	Movilidad nacional (a otra región o ciudad de Perú)	Quechua	Bilingüe	Indígena Quechua	Catolicismo	Nivel D: Ingreso familiar entre S/1,300 y S/3,000	Nivel D	Clase trabajadora	Funcionalidad física típica (sin discapacidad)	Funcionalidad cognitiva típica (sin discapacidad)	Típica	Hombre	Masculino	Heterosexual	Superación personal y alcanzar metas propias.	Usar esta formación para acceder a posgrados o especializaciones.	Quiero continuar con posgrados o especializaciones (estudios avanzados).	K media	Kinestésico, media
M257	15	15	12	13	Moderada	Baja	Moderada	Baja	2026/04/13 11:46:35 a. m. GMT-4	Ingeniería de Industrias Alimentarias	UNSA	Ingenierías y Tecnologías	Pregrado (o grado universitario)	Al inicio	Privado	Sí	No	Tercio medio	No	Sí	Estudiante universitario joven (16-24 años)	16-24 años	Nivel intermedio: Manejo adecuado de información y recursos digitales	Intermedio	Local (región de Arequipa)	Zona urbana	Sin experiencia de movilidad	Español	Bilingüe	Mestizo	Agnosticismo	Nivel B: Ingreso familiar entre S/5,000 y S/25,000	Nivel B	Clase media	Funcionalidad física típica (sin discapacidad)	Funcionalidad cognitiva típica (sin discapacidad)	Típica	Mujer	Femenino	Bisexual	La carrera que elegí corresponde a mis intereses o pasiones personales (orientación vocacional).	Adquirir conocimientos.	Quiero vivir, estudiar o trabajar en otros países (experiencia internacional).	AK	Multimodal (AK)
M258	16	19	6	18	Moderada	Alta	Muy baja	Alta	2026/04/13 12:27:33 p. m. GMT-4	Biología 	UNSA	Ciencias naturales y exactas	Pregrado (o grado universitario)	Al inicio	Público	Sí	No	Tercio superior	No	Sí	Estudiante universitario joven (16-24 años)	16-24 años	Nivel bajo: Conocimiento y manejo limitado de herramientas digitales	Bajo	Local (región de Arequipa)	Zona urbana	Sin experiencia de movilidad	Español	Multilingüe	Mestizo	Ateísmo	Nivel E: Ingreso familiar menor a S/1,300	Nivel E	Clase trabajadora	Limitaciones visuales	Funcionalidad cognitiva típica (sin discapacidad)	Típica	Mujer	Femenino	Pansexual	La carrera que elegí corresponde a mis intereses o pasiones personales (orientación vocacional).	Usar esta formación para acceder a posgrados o especializaciones.	Quiero vivir, estudiar o trabajar en otros países (experiencia internacional).	VK	Multimodal (VK)
M259	13	14	10	13	Moderada	Baja	Moderada	Baja	2026/04/13 4:08:58 p. m. GMT-4	Educación Primaria / Educación	UNSA	Ciencias sociales y humanidades	Pregrado (o grado universitario)	Al inicio	Público	Sí	No	Tercio superior	No	No	Estudiante universitario joven (16-24 años)	16-24 años	Nivel intermedio: Manejo adecuado de información y recursos digitales	Intermedio	Local (región de Arequipa)	Zona urbana	Sin experiencia de movilidad	Español	Monolingüe	Mestizo	Catolicismo	Nivel D: Ingreso familiar entre S/1,300 y S/3,000	Nivel D	Clase media	Funcionalidad física típica (sin discapacidad)	Funcionalidad cognitiva típica (sin discapacidad)	Típica	Hombre	Masculino	Heterosexual	La carrera que elegí corresponde a mis intereses o pasiones personales (orientación vocacional).	Adquirir conocimientos.	Quiero desarrollarme y destacar en mi carrera (realización profesional).	VARK	Multimodal (VARK)
M260	6	14	11	12	Muy baja	Baja	Moderada	Baja	2026/04/13 5:11:03 p. m. GMT-4	Ingeniería de telecomunicaciones 	UNSA	Ingenierías y Tecnologías	Pregrado (o grado universitario)	Al inicio	Público	Sí	No	Tercio medio	No	Sí	Estudiante universitario joven (16-24 años)	16-24 años	Nivel bajo: Conocimiento y manejo limitado de herramientas digitales	Bajo	Local (región de Arequipa)	Zona urbana	Sin experiencia de movilidad	Español	Monolingüe	Mestizo	Catolicismo	Nivel D: Ingreso familiar entre S/1,300 y S/3,000	Nivel D	Clase trabajadora	Funcionalidad física típica (sin discapacidad)	Funcionalidad cognitiva típica (sin discapacidad)	Típica	Mujer	Femenino	Heterosexual	Interés en aprender y descubrir cosas nuevas (orientación al conocimiento).	Adquirir conocimientos.	Quiero vivir, estudiar o trabajar en otros países (experiencia internacional).	K media	Kinestésico, media
M261	14	16	10	15	Moderada	Moderada	Moderada	Moderada	2026/04/13 5:18:15 p. m. GMT-4	Contabilidad	UNSA	Ciencias sociales y humanidades	Pregrado (o grado universitario)	Al inicio	Público	Sí	No	Tercio medio	No	Sí	Estudiante universitario joven (16-24 años)	16-24 años	Nivel bajo: Conocimiento y manejo limitado de herramientas digitales	Bajo	Local (región de Arequipa)	Zona urbana	Sin experiencia de movilidad	Español	Monolingüe	Mestizo	Catolicismo	Nivel C: Ingreso familiar entre S/3,000 y S/5,000	Nivel C	Clase trabajadora	Movilidad reducida	Funcionalidad cognitiva típica (sin discapacidad)	Típica	Hombre	Masculino	Heterosexual	La carrera que elegí corresponde a mis intereses o pasiones personales (orientación vocacional).	Adquirir conocimientos.	Quiero crear mi propio proyecto o empresa (emprendimiento).	K media	Kinestésico, media
M262	16	16	16	14	Moderada	Moderada	Alta	Moderada	2026/04/13 5:55:30 p. m. GMT-4	Ingeniería Ambiental 	UNSA	Ingenierías y Tecnologías	Pregrado (o grado universitario)	Al inicio	Público	No	No	Tercio superior	No	No	Estudiante universitario joven (16-24 años)	16-24 años	Nivel intermedio: Manejo adecuado de información y recursos digitales	Intermedio	Local (región de Arequipa)	Zona urbana	Sin experiencia de movilidad	Español	Bilingüe	Mestizo	Protestantismo (evangélicos y pentecostalismo)	Nivel C: Ingreso familiar entre S/3,000 y S/5,000	Nivel C	Clase media	Funcionalidad física típica (sin discapacidad)	Funcionalidad cognitiva típica (sin discapacidad)	Típica	Mujer	Femenino	Heterosexual	Superación personal y alcanzar metas propias.	Obtener buenas calificaciones.	Quiero vivir, estudiar o trabajar en otros países (experiencia internacional).	AK	Multimodal (AK)
M263	18	18	15	19	Alta	Alta	Alta	Muy alta	2026/04/13 6:46:02 p. m. GMT-4	Enfermería 	UNSA	Ciencias de la salud	Pregrado (o grado universitario)	Al final	Privado	Sí	Sí	Tercio superior	No	Sí	Estudiante universitario joven (16-24 años)	16-24 años	Nivel intermedio: Manejo adecuado de información y recursos digitales	Intermedio	Local (región de Arequipa)	Zona rural	Movilidad local (a otra provincia de la región de Arequipa)	Español	Bilingüe	Mestizo	Catolicismo	Nivel E: Ingreso familiar menor a S/1,300	Nivel E	Clase trabajadora	Funcionalidad física típica (sin discapacidad)	Funcionalidad cognitiva típica (sin discapacidad)	Típica	Mujer	Femenino	Heterosexual	Obtener mejores oportunidades laborales o económicas (expectativa de beneficio económico o laboral).	Usar esta formación para acceder a posgrados o especializaciones.	Quiero vivir, estudiar o trabajar en otros países (experiencia internacional).	K fuerte	Kinestésico, fuerte
M264	12	13	10	10	Baja	Baja	Moderada	Muy baja	2026/04/13 10:26:30 p. m. GMT-4	Ingeniería Civil	UCSM	Ingenierías y Tecnologías	Pregrado (o grado universitario)	Al inicio	Privado	Sí	No	Tercio medio	No	No	Estudiante universitario joven (16-24 años)	16-24 años	Nivel bajo: Conocimiento y manejo limitado de herramientas digitales	Bajo	Local (región de Arequipa)	Zona urbana	Movilidad local (a otra provincia de la región de Arequipa)	Español	Monolingüe	Mestizo	Catolicismo	Nivel E: Ingreso familiar menor a S/1,300	Nivel E	Subclase o clase popular	Limitaciones visuales	Funcionalidad cognitiva típica (sin discapacidad)	Típica	Hombre	Masculino	Homosexual (gay, lesbiana)	Evitar el desempleo o quedarme rezagado frente a mis pares (evitar consecuencias negativas).	Evitar reprobar materias o abandonar los estudios.	Quiero desarrollarme y destacar en mi carrera (realización profesional).	V media	Visual, media
M265	14	18	7	17	Moderada	Alta	Muy baja	Alta	2026/04/13 11:36:05 p. m. GMT-4	Filosofìa	UNSA	Ciencias sociales y humanidades	Pregrado (o grado universitario)	Al inicio	Público	Sí	Sí	Tercio medio	No	Sí	Estudiante universitario de mediana edad (25-39 años)	25-39 años	Nivel intermedio: Manejo adecuado de información y recursos digitales	Intermedio	Local (región de Arequipa)	Zona urbana	Movilidad local (a otra provincia de la región de Arequipa)	Español	Monolingüe	Indígena Aymara	Agnosticismo	Nivel E: Ingreso familiar menor a S/1,300	Nivel E	Clase trabajadora	Funcionalidad física típica (sin discapacidad)	Funcionalidad cognitiva típica (sin discapacidad)	Típica	Hombre	Masculino	Heterosexual	Interés en aprender y descubrir cosas nuevas (orientación al conocimiento).	Adquirir conocimientos.	Quiero participar y aportar en iniciativas sociales (impacto social).	VARK	Multimodal (VARK)
M266	17	17	14	14	Alta	Moderada	Alta	Moderada	2026/04/14 1:18:38 a. m. GMT-4	Ingeniería mecánica 	UNSA	Ingenierías y Tecnologías	Pregrado (o grado universitario)	Al medio	Privado	No	No	Tercio superior	No	Sí	Estudiante universitario joven (16-24 años)	16-24 años	Nivel bajo: Conocimiento y manejo limitado de herramientas digitales	Bajo	Local (región de Arequipa)	Zona urbana	Movilidad local (a otra provincia de la región de Arequipa)	Español	Bilingüe	Mestizo	Deísmo	Nivel D: Ingreso familiar entre S/1,300 y S/3,000	Nivel D	Subclase o clase popular	Funcionalidad física típica (sin discapacidad)	Trastorno del espectro autista (TEA)	TEA	Hombre	Masculino	Homosexual (gay, lesbiana)	Evitar el desempleo o quedarme rezagado frente a mis pares (evitar consecuencias negativas).	Evitar reprobar materias o abandonar los estudios.	Quiero vivir, estudiar o trabajar en otros países (experiencia internacional).	VARK	Multimodal (VARK)
M267	19	15	16	16	Muy alta	Baja	Alta	Moderada	2026/04/14 1:27:58 p. m. GMT-4	Ingeniería Agronómica	UNSA	Ingenierías y Tecnologías	Pregrado (o grado universitario)	Al inicio	Privado	Sí	No	Tercio superior	Sí	Sí	Estudiante universitario joven (16-24 años)	16-24 años	Nivel intermedio: Manejo adecuado de información y recursos digitales	Intermedio	Local (región de Arequipa)	Zona urbana	Sin experiencia de movilidad	Español	Monolingüe	Mestizo	Catolicismo	Nivel D: Ingreso familiar entre S/1,300 y S/3,000	Nivel D	Clase media	Funcionalidad física típica (sin discapacidad)	Funcionalidad cognitiva típica (sin discapacidad)	Típica	Mujer	Femenino	Heterosexual	La carrera que elegí corresponde a mis intereses o pasiones personales (orientación vocacional).	Usar esta formación para acceder a posgrados o especializaciones.	Quiero participar y aportar en iniciativas sociales (impacto social).	R muy fuerte	Lectura/Escritura, muy fuerte
M268	12	17	8	14	Baja	Moderada	Baja	Moderada	2026/04/15 7:22:30 a. m. GMT-4	Ingeniería eléctrica 	UNSA	Ingenierías y Tecnologías	Pregrado (o grado universitario)	Al inicio	Privado	Sí	No	Tercio superior	No	No	Estudiante universitario joven (16-24 años)	16-24 años	Nivel intermedio: Manejo adecuado de información y recursos digitales	Intermedio	Local (región de Arequipa)	Zona urbana	Movilidad local (a otra provincia de la región de Arequipa)	Español	Bilingüe	Mestizo	Catolicismo	Nivel C: Ingreso familiar entre S/3,000 y S/5,000	Nivel C	Clase media	Limitaciones visuales	Funcionalidad cognitiva típica (sin discapacidad)	Típica	Mujer	Femenino	Heterosexual	Influencia o expectativas de mi familia o entorno social.	Adquirir conocimientos.	Quiero equilibrio entre trabajo, familia y salud (equilibrio vida-trabajo).	VARK	Multimodal (VARK)
M269	16	15	15	13	Moderada	Baja	Alta	Baja	2026/04/15 12:01:36 p. m. GMT-4	Psicologia	UNSA	Ciencias de la salud	Pregrado (o grado universitario)	Al medio	Privado	Sí	No	Tercio medio	No	Sí	Estudiante universitario joven (16-24 años)	16-24 años	Nivel alto: Dominio avanzado de competencias digitales	Alto	Local (región de Arequipa)	Zona urbana	Sin experiencia de movilidad	Español	Bilingüe	Mestizo	Agnosticismo	Nivel B: Ingreso familiar entre S/5,000 y S/25,000	Nivel B	Clase media	Funcionalidad física típica (sin discapacidad)	Funcionalidad cognitiva típica (sin discapacidad)	Típica	Mujer	Femenino	Heterosexual	Interés en aprender y descubrir cosas nuevas (orientación al conocimiento).	Usar esta formación para acceder a posgrados o especializaciones.	Quiero vivir, estudiar o trabajar en otros países (experiencia internacional).	RK	Multimodal (RK)
M270	12	13	6	9	Baja	Baja	Muy baja	Muy baja	2026/04/15 4:48:15 p. m. GMT-4	Artes plásticas 	UNSA	Artes y diseño	Pregrado (o grado universitario)	Al medio	Público	No	No	Tercio superior	No	Sí	Estudiante universitario joven (16-24 años)	16-24 años	Nivel intermedio: Manejo adecuado de información y recursos digitales	Intermedio	Local (región de Arequipa)	Zona urbana	Movilidad local (a otra provincia de la región de Arequipa)	Español	Monolingüe	Mestizo	Humanista espiritual	Nivel C: Ingreso familiar entre S/3,000 y S/5,000	Nivel C	Clase trabajadora	Limitaciones visuales	Funcionalidad cognitiva típica (sin discapacidad)	Típica	Mujer	Femenino	Heterosexual	La carrera que elegí corresponde a mis intereses o pasiones personales (orientación vocacional).	Adquirir conocimientos.	Quiero desarrollarme y destacar en mi carrera (realización profesional).	VRK	Multimodal (VRK)
M271	7	20	2	16	Muy baja	Muy alta	Muy baja	Moderada	2026/04/16 2:15:39 a. m. GMT-4	Antropología 	UNSA	Ciencias sociales y humanidades	Pregrado (o grado universitario)	Al medio	Público	No	Sí	Tercio superior	No	No	Estudiante universitario joven (16-24 años)	16-24 años	Nivel alto: Dominio avanzado de competencias digitales	Alto	Local (región de Arequipa)	Zona urbana	Sin experiencia de movilidad	Español	Monolingüe	Afroperuano	Agnosticismo	Nivel D: Ingreso familiar entre S/1,300 y S/3,000	Nivel D	Clase trabajadora	Limitaciones visuales	Trastorno del espectro autista (TEA)	TEA	Mujer	Femenino	Asexual	Obtener mejores oportunidades laborales o económicas (expectativa de beneficio económico o laboral).	Usar esta formación para acceder a posgrados o especializaciones.	Quiero desarrollarme y destacar en mi carrera (realización profesional).	VRK	Multimodal (VRK)
M272	15	17	10	14	Moderada	Moderada	Moderada	Moderada	2026/04/16 11:41:07 a. m. GMT-4	educación inicial 	UCSM	Ciencias sociales y humanidades	Pregrado (o grado universitario)	Al inicio	Público	Sí	No	Tercio superior	Sí	No	Estudiante universitario joven (16-24 años)	16-24 años	Nivel intermedio: Manejo adecuado de información y recursos digitales	Intermedio	Local (región de Arequipa)	Capital de país	Sin experiencia de movilidad	Español	Bilingüe	Mestizo	Catolicismo	Nivel B: Ingreso familiar entre S/5,000 y S/25,000	Nivel B	Clase media	Funcionalidad física típica (sin discapacidad)	Funcionalidad cognitiva típica (sin discapacidad)	Típica	Mujer	Femenino	Heterosexual	La carrera que elegí corresponde a mis intereses o pasiones personales (orientación vocacional).	Usar esta formación para acceder a posgrados o especializaciones.	Quiero continuar con posgrados o especializaciones (estudios avanzados).	K media	Kinestésico, media
M273	17	17	15	16	Alta	Moderada	Alta	Moderada	2026/04/16 11:41:15 a. m. GMT-4	Educación Inicial	UCSM	Ciencias sociales y humanidades	Pregrado (o grado universitario)	Al inicio	Público	No	No	Tercio superior	No	No	Estudiante universitario joven (16-24 años)	16-24 años	Nivel alto: Dominio avanzado de competencias digitales	Alto	Nacional (otras regiones de Perú)	Zona urbana	Movilidad local (a otra provincia de la región de Arequipa)	Español	Bilingüe	Mestizo	Catolicismo	Nivel C: Ingreso familiar entre S/3,000 y S/5,000	Nivel C	Clase media	Movilidad reducida	Funcionalidad cognitiva típica (sin discapacidad)	Típica	Mujer	Femenino	Heterosexual	Influencia o expectativas de mi familia o entorno social.	Obtener buenas calificaciones.	Quiero vivir, estudiar o trabajar en otros países (experiencia internacional).		
M274	18	15	14	17	Alta	Baja	Alta	Alta	2026/04/16 11:41:19 a. m. GMT-4	Educación Inicial 	UCSM	Ciencias sociales y humanidades	Pregrado (o grado universitario)	Al inicio	Público	No	No	Tercio medio	No	No	Estudiante universitario joven (16-24 años)	16-24 años	Nivel alto: Dominio avanzado de competencias digitales	Alto	Local (región de Arequipa)	Zona urbana	Sin experiencia de movilidad	Español	Bilingüe	Mestizo	Catolicismo	Nivel C: Ingreso familiar entre S/3,000 y S/5,000	Nivel C	Clase media	Movilidad reducida	Funcionalidad cognitiva típica (sin discapacidad)	Típica	Mujer	Femenino	Heterosexual	La carrera que elegí corresponde a mis intereses o pasiones personales (orientación vocacional).	Obtener buenas calificaciones.	Quiero vivir, estudiar o trabajar en otros países (experiencia internacional).		
M275	10	12	14	15	Muy baja	Muy baja	Alta	Moderada	2026/04/16 11:43:32 a. m. GMT-4	Ingeniería biotecnológica 	UCSM	Ciencias de la salud	Pregrado (o grado universitario)	Al inicio	Privado	Sí	No	Tercio medio	No	No	Estudiante universitario joven (16-24 años)	16-24 años	Nivel intermedio: Manejo adecuado de información y recursos digitales	Intermedio	Local (región de Arequipa)	Zona urbana	Sin experiencia de movilidad	Español	Monolingüe	Mestizo	Catolicismo	Nivel B: Ingreso familiar entre S/5,000 y S/25,000	Nivel B	Clase media	Funcionalidad física típica (sin discapacidad)	Funcionalidad cognitiva típica (sin discapacidad)	Típica	Mujer	Femenino	Bisexual	La carrera que elegí corresponde a mis intereses o pasiones personales (orientación vocacional).	Obtener buenas calificaciones.	Quiero desarrollarme y destacar en mi carrera (realización profesional).	R media	Lectura/Escritura, media
M276	11	18	9	15	Baja	Alta	Baja	Moderada	2026/04/16 11:43:33 a. m. GMT-4	Ingeniería Biotecnológica 	UCSM	Ciencias de la salud	Pregrado (o grado universitario)	Al inicio	Privado	No	No	Tercio superior	No	No	Estudiante universitario joven (16-24 años)	16-24 años	Nivel intermedio: Manejo adecuado de información y recursos digitales	Intermedio	Local (región de Arequipa)	Zona urbana	Sin experiencia de movilidad	Español	Bilingüe	Mestizo	Catolicismo	Nivel B: Ingreso familiar entre S/5,000 y S/25,000	Nivel B	Clase media	Funcionalidad física típica (sin discapacidad)	Funcionalidad cognitiva típica (sin discapacidad)	Típica	Mujer	Femenino	Heterosexual	La carrera que elegí corresponde a mis intereses o pasiones personales (orientación vocacional).	Obtener buenas calificaciones.	Quiero desarrollarme y destacar en mi carrera (realización profesional).	R media	Lectura/Escritura, media
M277	17	17	18	18	Alta	Moderada	Muy alta	Alta	2026/04/16 11:45:11 a. m. GMT-4	Educación inicial 	UCSM	Ciencias sociales y humanidades	Pregrado (o grado universitario)	Al medio	Público	Sí	No	Tercio medio	No	Sí	Estudiante universitario joven (16-24 años)	16-24 años	Nivel intermedio: Manejo adecuado de información y recursos digitales	Intermedio	Nacional (otras regiones de Perú)	Zona urbana	Movilidad local (a otra provincia de la región de Arequipa)	Español	Bilingüe	Mestizo	Catolicismo	Nivel C: Ingreso familiar entre S/3,000 y S/5,000	Nivel C	Clase media	Funcionalidad física típica (sin discapacidad)	Funcionalidad cognitiva típica (sin discapacidad)	Típica	Mujer	Femenino	Heterosexual	La carrera que elegí corresponde a mis intereses o pasiones personales (orientación vocacional).	Recibir distinciones o premios académicos.	Quiero desarrollarme y destacar en mi carrera (realización profesional).	R fuerte	Lectura/Escritura, fuerte
M278	17	18	11	18	Alta	Alta	Moderada	Alta	2026/04/16 12:02:46 p. m. GMT-4	Odontología 	UCSM	Ciencias de la salud	Pregrado (o grado universitario)	Al final	Privado	Sí	No	Tercio medio	No	Sí	Estudiante universitario joven (16-24 años)	16-24 años	Nivel intermedio: Manejo adecuado de información y recursos digitales	Intermedio	Local (región de Arequipa)	Zona urbana	Movilidad local (a otra provincia de la región de Arequipa)	Español	Bilingüe	Mestizo	Catolicismo	Nivel C: Ingreso familiar entre S/3,000 y S/5,000	Nivel C	Clase media	Funcionalidad física típica (sin discapacidad)	Funcionalidad cognitiva típica (sin discapacidad)	Típica	Mujer	Femenino	Heterosexual	Obtener mejores oportunidades laborales o económicas (expectativa de beneficio económico o laboral).	Adquirir conocimientos.	Quiero vivir, estudiar o trabajar en otros países (experiencia internacional).	VARK integrativo	Multimodal (VARK Integrativo)
M279	16	15	16	18	Moderada	Baja	Alta	Alta	2026/04/16 12:03:12 p. m. GMT-4	Ingeniería Comercial 	UCSM	Ciencias económicas, administrativas y empresariales	Pregrado (o grado universitario)	Al inicio	Privado	No	No	Tercio superior	No	Sí	Estudiante universitario joven (16-24 años)	16-24 años	Nivel intermedio: Manejo adecuado de información y recursos digitales	Intermedio	Nacional (otras regiones de Perú)	Zona urbana	Movilidad nacional (a otra región o ciudad de Perú)	Español	Monolingüe	Mestizo	Deísmo	Nivel B: Ingreso familiar entre S/5,000 y S/25,000	Nivel B	Clase media	Funcionalidad física típica (sin discapacidad)	Trastorno por déficit de atención con hiperactividad (TDAH)	TDAH	Mujer	Femenino	Heterosexual	La carrera que elegí corresponde a mis intereses o pasiones personales (orientación vocacional).	Obtener buenas calificaciones.	Quiero crear mi propio proyecto o empresa (emprendimiento).	V muy fuerte	Visual, muy fuerte
M280	17	17	16	13	Alta	Moderada	Alta	Baja	2026/04/16 12:04:32 p. m. GMT-4	Ing mejor 	UCSM	Ingenierías y Tecnologías	Pregrado (o grado universitario)	Al medio	Privado	Sí	No	Tercio inferior	No	No	Estudiante universitario joven (16-24 años)	16-24 años	Nivel intermedio: Manejo adecuado de información y recursos digitales	Intermedio	Local (región de Arequipa)	Zona urbana	Sin experiencia de movilidad	Español	Bilingüe	Mestizo	Catolicismo	Nivel D: Ingreso familiar entre S/1,300 y S/3,000	Nivel D	Clase media	Funcionalidad física típica (sin discapacidad)	Dislexia	Dislexia	Hombre	Masculino	Heterosexual	Obtener mejores oportunidades laborales o económicas (expectativa de beneficio económico o laboral).	Adquirir conocimientos.	Quiero desarrollarme y destacar en mi carrera (realización profesional).	V media	Visual, media
M281	15	18	13	13	Moderada	Alta	Moderada	Baja	2026/04/16 12:07:09 p. m. GMT-4	Odontología 	UCSM	Ciencias de la salud	Pregrado (o grado universitario)	Al final	Privado	Sí	No	Tercio superior	Sí	No	Estudiante universitario joven (16-24 años)	16-24 años	Nivel intermedio: Manejo adecuado de información y recursos digitales	Intermedio	Local (región de Arequipa)	Zona urbana	Sin experiencia de movilidad	Español	Bilingüe	Mestizo	Cristianismo	Nivel B: Ingreso familiar entre S/5,000 y S/25,000	Nivel B	Clase media	Funcionalidad física típica (sin discapacidad)	Dislexia	Dislexia	Mujer	Femenino	Heterosexual	Interés en aprender y descubrir cosas nuevas (orientación al conocimiento).	Usar esta formación para acceder a posgrados o especializaciones.	Quiero desarrollarme y destacar en mi carrera (realización profesional).	AK	Multimodal (AK)
M282	12	14	6	13	Baja	Baja	Muy baja	Baja	2026/04/16 12:09:47 p. m. GMT-4	Arquitecta 	UCSM	Ingenierías y Tecnologías	Pregrado (o grado universitario)	Al medio	Público	Sí	No	Tercio medio	No	No	Estudiante universitario joven (16-24 años)	16-24 años	Nivel bajo: Conocimiento y manejo limitado de herramientas digitales	Bajo	Nacional (otras regiones de Perú)	Zona urbana	Movilidad nacional (a otra región o ciudad de Perú)	Español	Monolingüe	Mestizo	Catolicismo	Nivel B: Ingreso familiar entre S/5,000 y S/25,000	Nivel B	Clase media	Funcionalidad física típica (sin discapacidad)	Funcionalidad cognitiva típica (sin discapacidad)	Típica	Mujer	Femenino	Heterosexual	Obtener mejores oportunidades laborales o económicas (expectativa de beneficio económico o laboral).	Usar esta formación para acceder a posgrados o especializaciones.	Quiero vivir, estudiar o trabajar en otros países (experiencia internacional).	K fuerte	Kinestésico, fuerte
M283	18	12	19	13	Alta	Muy baja	Muy alta	Baja	2026/04/16 12:10:56 p. m. GMT-4	Tecnología Médica 	UCSM	Ciencias de la salud	Pregrado (o grado universitario)	Al medio	Público	Sí	No	Tercio medio	No	Sí	Estudiante universitario joven (16-24 años)	16-24 años	Nivel intermedio: Manejo adecuado de información y recursos digitales	Intermedio	Nacional (otras regiones de Perú)	Zona urbana	Movilidad local (a otra provincia de la región de Arequipa)	Español	Monolingüe	Mestizo	Catolicismo	Nivel C: Ingreso familiar entre S/3,000 y S/5,000	Nivel C	Clase media	Funcionalidad física típica (sin discapacidad)	Trastorno por déficit de atención con hiperactividad (TDAH)	TDAH	Hombre	Masculino	Heterosexual	Evitar el desempleo o quedarme rezagado frente a mis pares (evitar consecuencias negativas).	Usar esta formación para acceder a posgrados o especializaciones.	Quiero desarrollarme y destacar en mi carrera (realización profesional).	K muy fuerte	Kinestésico, muy fuerte
M284	12	18	6	15	Baja	Alta	Muy baja	Moderada	2026/04/16 12:11:11 p. m. GMT-4	Odontología	UCSM	Ciencias de la salud	Pregrado (o grado universitario)	Al final	Privado	No	No	Tercio superior	Sí	Sí	Estudiante universitario joven (16-24 años)	16-24 años	Nivel intermedio: Manejo adecuado de información y recursos digitales	Intermedio	Local (región de Arequipa)	Zona urbana	Sin experiencia de movilidad	Español	Bilingüe	Mestizo	Catolicismo	Nivel B: Ingreso familiar entre S/5,000 y S/25,000	Nivel B	Clase media	Funcionalidad física típica (sin discapacidad)	Otras formas de neurodiversidad	Otras	Mujer	Femenino	Bisexual	La carrera que elegí corresponde a mis intereses o pasiones personales (orientación vocacional).	Adquirir conocimientos.	Quiero desarrollarme y destacar en mi carrera (realización profesional).	VARK	Multimodal (VARK)
M285	16	16	16	15	Moderada	Moderada	Alta	Moderada	2026/04/16 12:22:41 p. m. GMT-4	Educación inicial 	UCSM	Ciencias sociales y humanidades	Pregrado (o grado universitario)	Al inicio	Público	Sí	No	Tercio medio	No	No	Estudiante universitario joven (16-24 años)	16-24 años	Nivel intermedio: Manejo adecuado de información y recursos digitales	Intermedio	Local (región de Arequipa)	Zona urbana	Sin experiencia de movilidad	Español	Monolingüe	Mestizo	Catolicismo	Nivel D: Ingreso familiar entre S/1,300 y S/3,000	Nivel D	Clase media	Funcionalidad física típica (sin discapacidad)	Funcionalidad cognitiva típica (sin discapacidad)	Típica	Mujer	Femenino	Heterosexual	La carrera que elegí corresponde a mis intereses o pasiones personales (orientación vocacional).	Adquirir conocimientos.	Quiero crear mi propio proyecto o empresa (emprendimiento).	V media	Visual, media
M286	17	19	14	18	Alta	Alta	Alta	Alta	2026/04/16 12:22:45 p. m. GMT-4	Educación Inicial	UCSM	Ciencias sociales y humanidades	Pregrado (o grado universitario)	Al inicio	Privado	No	Sí	Tercio medio	Sí	Sí	Estudiante universitario de mediana edad (25-39 años)	25-39 años	Nivel intermedio: Manejo adecuado de información y recursos digitales	Intermedio	Local (región de Arequipa)	Zona urbana	Sin experiencia de movilidad	Español	Monolingüe	Mestizo	Catolicismo	Nivel B: Ingreso familiar entre S/5,000 y S/25,000	Nivel B	Clase media	Funcionalidad física típica (sin discapacidad)	Funcionalidad cognitiva típica (sin discapacidad)	Típica	Mujer	Femenino	Heterosexual	La carrera que elegí corresponde a mis intereses o pasiones personales (orientación vocacional).	Adquirir conocimientos.	Quiero crear mi propio proyecto o empresa (emprendimiento).	V media	Visual, media
M287	13	17	10	12	Moderada	Moderada	Moderada	Baja	2026/04/16 12:24:22 p. m. GMT-4	Psicología 	UCSM	Ciencias sociales y humanidades	Pregrado (o grado universitario)	Al inicio	Público	No		Tercio medio	Sí	Sí	Estudiante universitario joven (16-24 años)	16-24 años	Nivel intermedio: Manejo adecuado de información y recursos digitales	Intermedio	Local (región de Arequipa)	Zona urbana	Sin experiencia de movilidad	Español	Bilingüe	Mestizo	Catolicismo	Nivel D: Ingreso familiar entre S/1,300 y S/3,000	Nivel D	Clase media	Funcionalidad física típica (sin discapacidad)	Funcionalidad cognitiva típica (sin discapacidad)	Típica	Mujer	Femenino	Heterosexual	La carrera que elegí corresponde a mis intereses o pasiones personales (orientación vocacional).	Obtener buenas calificaciones.	Quiero desarrollarme y destacar en mi carrera (realización profesional).	R media	Lectura/Escritura, media
M288	20	20	8	18	Muy alta	Muy alta	Baja	Alta	2026/04/16 12:30:40 p. m. GMT-4	Psicologia	UCSM	Ciencias sociales y humanidades	Pregrado (o grado universitario)	Al inicio	Público	Sí	No	Tercio superior	No	No	Estudiante universitario joven (16-24 años)	16-24 años	Nivel intermedio: Manejo adecuado de información y recursos digitales	Intermedio	Nacional (otras regiones de Perú)	Zona urbana	Movilidad nacional (a otra región o ciudad de Perú)	Español	Monolingüe	Mestizo	Catolicismo	Nivel C: Ingreso familiar entre S/3,000 y S/5,000	Nivel C	Clase media	Funcionalidad física típica (sin discapacidad)	Funcionalidad cognitiva típica (sin discapacidad)	Típica	Mujer	Femenino	Heterosexual	La carrera que elegí corresponde a mis intereses o pasiones personales (orientación vocacional).	Obtener buenas calificaciones.	Quiero continuar con posgrados o especializaciones (estudios avanzados).	R fuerte	Lectura/Escritura, fuerte
M289	15	19	13	16	Moderada	Alta	Moderada	Moderada	2026/04/16 12:33:04 p. m. GMT-4	Tecnologia medica en terapia fisica y rehabilitación 	UCSM	Ciencias de la salud	Pregrado (o grado universitario)	Al medio	Privado	No	No	Tercio medio	No	Sí	Estudiante universitario joven (16-24 años)	16-24 años	Nivel intermedio: Manejo adecuado de información y recursos digitales	Intermedio	Local (región de Arequipa)	Zona urbana	Sin experiencia de movilidad	Español	Multilingüe	Mestizo	Protestantismo (evangélicos y pentecostalismo)	Nivel C: Ingreso familiar entre S/3,000 y S/5,000	Nivel C	Clase media	Funcionalidad física típica (sin discapacidad)	Dislexia	Dislexia	Mujer	Femenino	Heterosexual	La carrera que elegí corresponde a mis intereses o pasiones personales (orientación vocacional).	Adquirir conocimientos.	Quiero crear mi propio proyecto o empresa (emprendimiento).	AK	Multimodal (AK)
M290	11	13	11	13	Baja	Baja	Moderada	Baja	2026/04/16 12:33:33 p. m. GMT-4	Psicologia	UCSM	Ciencias sociales y humanidades	Pregrado (o grado universitario)	Al inicio	Privado	Sí	Sí	Tercio medio	Sí	Sí	Estudiante universitario joven (16-24 años)	16-24 años	Nivel intermedio: Manejo adecuado de información y recursos digitales	Intermedio	Local (región de Arequipa)	Zona urbana	Sin experiencia de movilidad	Español	Monolingüe	Mestizo	Catolicismo	Nivel C: Ingreso familiar entre S/3,000 y S/5,000	Nivel C	Clase media	Funcionalidad física típica (sin discapacidad)	Trastorno por déficit de atención con hiperactividad (TDAH)	TDAH	Mujer	Femenino	Heterosexual	La carrera que elegí corresponde a mis intereses o pasiones personales (orientación vocacional).	Obtener buenas calificaciones.	Quiero desarrollarme y destacar en mi carrera (realización profesional).	RK	Multimodal (RK)
M291	10	17	13	14	Muy baja	Moderada	Moderada	Moderada	2026/04/16 1:19:52 p. m. GMT-4	Psicología 	UTP	Ciencias sociales y humanidades	Pregrado (o grado universitario)	Al inicio	Público	Sí	No	Tercio medio	No	No	Estudiante universitario joven (16-24 años)	16-24 años	Nivel intermedio: Manejo adecuado de información y recursos digitales	Intermedio	Nacional (otras regiones de Perú)	Zona urbana	Sin experiencia de movilidad	Español	Monolingüe	Indígena Quechua	Catolicismo	Nivel C: Ingreso familiar entre S/3,000 y S/5,000	Nivel C	Clase media	Funcionalidad física típica (sin discapacidad)	Funcionalidad cognitiva típica (sin discapacidad)	Típica	Mujer	Femenino	Heterosexual	La carrera que elegí corresponde a mis intereses o pasiones personales (orientación vocacional).	Usar esta formación para acceder a posgrados o especializaciones.	Quiero continuar con posgrados o especializaciones (estudios avanzados).	R muy fuerte	Lectura/Escritura, muy fuerte
M292	10	18	13	11	Muy baja	Alta	Moderada	Muy baja	2026/04/16 1:23:45 p. m. GMT-4	Psicología 	UTP	Ciencias sociales y humanidades	Pregrado (o grado universitario)	Al medio	Privado	Sí	No	Tercio medio	No	No	Estudiante universitario joven (16-24 años)	16-24 años	Nivel intermedio: Manejo adecuado de información y recursos digitales	Intermedio	Local (región de Arequipa)	Zona urbana	Sin experiencia de movilidad	Español	Bilingüe	Mestizo	No sabe	Nivel E: Ingreso familiar menor a S/1,300	Nivel E	Clase media	Funcionalidad física típica (sin discapacidad)	Trastorno por déficit de atención con hiperactividad (TDAH)	TDAH	No binario	Masculino	Homosexual (gay, lesbiana)	Interés en aprender y descubrir cosas nuevas (orientación al conocimiento).	Adquirir conocimientos.	Quiero desarrollarme y destacar en mi carrera (realización profesional).	VARK integrativo	Multimodal (VARK Integrativo)
M293	13	13	11	9	Moderada	Baja	Moderada	Muy baja	2026/04/16 1:24:24 p. m. GMT-4	Enfermería 	UTP	Ciencias de la salud	Pregrado (o grado universitario)	Al inicio	Público	No	No	Tercio superior	No	No	Estudiante universitario joven (16-24 años)	16-24 años	Nivel intermedio: Manejo adecuado de información y recursos digitales	Intermedio	Nacional (otras regiones de Perú)	Zona urbana	Movilidad nacional (a otra región o ciudad de Perú)	Quechua	Bilingüe	Mestizo	Aenimpu	Nivel E: Ingreso familiar menor a S/1,300	Nivel E	Clase media	Limitaciones visuales	Dislexia	Dislexia	Mujer	Femenino	Heterosexual	Interés en aprender y descubrir cosas nuevas (orientación al conocimiento).	Obtener buenas calificaciones.	Quiero desarrollarme y destacar en mi carrera (realización profesional).	VA	Multimodal (VA)
M294	17	16	13	16	Alta	Moderada	Moderada	Moderada	2026/04/16 2:35:30 p. m. GMT-4	Ingeniera industrial 	UTP	Ingenierías y Tecnologías	Pregrado (o grado universitario)	Al inicio	Privado	No	No	Tercio medio	No	Sí	Estudiante universitario joven (16-24 años)	16-24 años	Nivel bajo: Conocimiento y manejo limitado de herramientas digitales	Bajo	Local (región de Arequipa)	Zona urbana	Sin experiencia de movilidad	Español	Bilingüe	Mestizo	Catolicismo	Nivel B: Ingreso familiar entre S/5,000 y S/25,000	Nivel B	Clase alta (burguesía)	Funcionalidad física típica (sin discapacidad)	Funcionalidad cognitiva típica (sin discapacidad)	Típica	Hombre	Masculino	Heterosexual	Superación personal y alcanzar metas propias.	Hacer vínculos y contactos útiles.	Quiero estabilidad material y financiera (seguridad económica).	R media	Lectura/Escritura, media
M295	14	16	16	15	Moderada	Moderada	Alta	Moderada	2026/04/16 3:30:45 p. m. GMT-4	Ingeniería ambiental 	UCSM	Ciencias naturales y exactas	Pregrado (o grado universitario)	Al inicio	Privado	No	No	Tercio medio	No	No	Estudiante universitario joven (16-24 años)	16-24 años	Nivel intermedio: Manejo adecuado de información y recursos digitales	Intermedio	Local (región de Arequipa)	Zona urbana	Movilidad local (a otra provincia de la región de Arequipa)	Español	Bilingüe	Mestizo	Catolicismo	Nivel C: Ingreso familiar entre S/3,000 y S/5,000	Nivel C	Clase media	Funcionalidad física típica (sin discapacidad)	Funcionalidad cognitiva típica (sin discapacidad)	Típica	Mujer	Femenino	Heterosexual	La carrera que elegí corresponde a mis intereses o pasiones personales (orientación vocacional).	Obtener buenas calificaciones.	Quiero desarrollarme y destacar en mi carrera (realización profesional).	VARK	Multimodal (VARK)
M296	13	16	10	15	Moderada	Moderada	Moderada	Moderada	2026/04/16 4:52:14 p. m. GMT-4	Odontología 	UCSM	Ciencias de la salud	Pregrado (o grado universitario)	Al final	Privado	Sí	No	Tercio superior	Sí	No	Estudiante universitario joven (16-24 años)	16-24 años	Nivel intermedio: Manejo adecuado de información y recursos digitales	Intermedio	Local (región de Arequipa)	Zona urbana	Movilidad local (a otra provincia de la región de Arequipa)	Español	Bilingüe	Mestizo	Catolicismo	Nivel B: Ingreso familiar entre S/5,000 y S/25,000	Nivel B	Clase media	Funcionalidad física típica (sin discapacidad)	Funcionalidad cognitiva típica (sin discapacidad)	Típica	Mujer	Femenino	Heterosexual	Interés en aprender y descubrir cosas nuevas (orientación al conocimiento).	Adquirir conocimientos.	Quiero desarrollarme y destacar en mi carrera (realización profesional).	V media	Visual, media
M297	15	14	13	13	Moderada	Baja	Moderada	Baja	2026/04/16 6:43:48 p. m. GMT-4	Administración 	UNSA	Ciencias económicas, administrativas y empresariales	Pregrado (o grado universitario)	Al inicio	Público	Sí	No	Tercio medio	No	Sí	Estudiante universitario joven (16-24 años)	16-24 años	Nivel intermedio: Manejo adecuado de información y recursos digitales	Intermedio	Local (región de Arequipa)	Zona urbana	Sin experiencia de movilidad	Español	Monolingüe	Mestizo	Agnosticismo	Nivel D: Ingreso familiar entre S/1,300 y S/3,000	Nivel D	Clase trabajadora	Funcionalidad física típica (sin discapacidad)	Trastorno por déficit de atención con hiperactividad (TDAH)	TDAH	Hombre	Masculino	Asexual	Obtener mejores oportunidades laborales o económicas (expectativa de beneficio económico o laboral).	Adquirir conocimientos.	Quiero estabilidad material y financiera (seguridad económica).	VK	Multimodal (VK)
M298	9	11	11	13	Muy baja	Muy baja	Moderada	Baja	2026/04/16 9:37:46 p. m. GMT-4	Educación inicial 	UTP	Ciencias sociales y humanidades	Pregrado (o grado universitario)	Al medio	Público	No	No	Tercio superior	Sí	Sí	Estudiante universitario joven (16-24 años)	16-24 años	Nivel intermedio: Manejo adecuado de información y recursos digitales	Intermedio	Local (región de Arequipa)	Zona urbana	Sin experiencia de movilidad	Español	Bilingüe	Mestizo	Catolicismo	Nivel C: Ingreso familiar entre S/3,000 y S/5,000	Nivel C	Clase media	Funcionalidad física típica (sin discapacidad)	Funcionalidad cognitiva típica (sin discapacidad)	Típica	Mujer	Femenino	Heterosexual	La carrera que elegí corresponde a mis intereses o pasiones personales (orientación vocacional).	Hacer vínculos y contactos útiles.	Quiero equilibrio entre trabajo, familia y salud (equilibrio vida-trabajo).		
M299	17	16	16	17	Alta	Moderada	Alta	Alta	2026/04/16 11:14:56 p. m. GMT-4	Odontología 	UCSM	Ciencias de la salud	Pregrado (o grado universitario)	Al medio	Público	No	No	Tercio inferior	Sí	No	Estudiante universitario joven (16-24 años)	16-24 años	Nivel intermedio: Manejo adecuado de información y recursos digitales	Intermedio	Nacional (otras regiones de Perú)	Zona urbana	Sin experiencia de movilidad	Español	Monolingüe	Blanco	Catolicismo	Nivel D: Ingreso familiar entre S/1,300 y S/3,000	Nivel D	Clase trabajadora	Funcionalidad física típica (sin discapacidad)	Funcionalidad cognitiva típica (sin discapacidad)	Típica	Mujer	Femenino	Heterosexual	Superación personal y alcanzar metas propias.	Usar esta formación para acceder a posgrados o especializaciones.	Quiero estabilidad material y financiera (seguridad económica).	V media	Visual, media
M300	8	11	15	10	Muy baja	Muy baja	Alta	Muy baja	2026/04/17 1:01:00 p. m. GMT-4	Psicólogia 	UTP	Ciencias sociales y humanidades	Especialidad	Al inicio	Privado	No	No	Tercio inferior	Sí	Sí	Estudiante universitario de mediana edad (25-39 años)	25-39 años	Nivel bajo: Conocimiento y manejo limitado de herramientas digitales	Bajo	Local (región de Arequipa)	Zona urbana	Sin experiencia de movilidad	Español	Bilingüe	Mestizo	Protestantismo (evangélicos y pentecostalismo)	Nivel D: Ingreso familiar entre S/1,300 y S/3,000	Nivel D	Clase media	Funcionalidad física típica (sin discapacidad)	Trastorno por déficit de atención con hiperactividad (TDAH)	TDAH	Hombre	Masculino	Heterosexual	La carrera que elegí corresponde a mis intereses o pasiones personales (orientación vocacional).	Adquirir conocimientos.	Quiero equilibrio entre trabajo, familia y salud (equilibrio vida-trabajo).	V media	Visual, media
M301	17	18	11	18	Alta	Alta	Moderada	Alta	2026/04/17 5:55:01 p. m. GMT-4	Psicología 	UTP	Artes y diseño	Pregrado (o grado universitario)	Al inicio	Privado	No	Sí	Tercio medio	Sí	Sí	Estudiante universitario maduro (40-65 años)	40-65 años	Nivel intermedio: Manejo adecuado de información y recursos digitales	Intermedio	Extranjero (otro país)	Capital de país	Movilidad internacional (a otro país)	Español	Monolingüe	Mestizo	Budismo	Nivel D: Ingreso familiar entre S/1,300 y S/3,000	Nivel D	Clase media	Limitaciones visuales	Funcionalidad cognitiva típica (sin discapacidad)	Típica	Hombre	Masculino	Heterosexual	La carrera que elegí corresponde a mis intereses o pasiones personales (orientación vocacional).	Adquirir conocimientos.	Quiero crear mi propio proyecto o empresa (emprendimiento).	VARK	Multimodal (VARK)
M302	14	16	13	14	Moderada	Moderada	Moderada	Moderada	2026/04/18 2:05:50 p. m. GMT-4	Ciencias de la nutrición	UNSA	Ciencias de la salud	Pregrado (o grado universitario)	Al inicio	Público	No	No	Tercio superior	No	Sí	Estudiante universitario joven (16-24 años)	16-24 años	Nivel alto: Dominio avanzado de competencias digitales	Alto	Local (región de Arequipa)	Zona urbana	Movilidad local (a otra provincia de la región de Arequipa)	Español	Monolingüe	Mestizo	Catolicismo	Nivel E: Ingreso familiar menor a S/1,300	Nivel E	Clase trabajadora	Funcionalidad física típica (sin discapacidad)	Funcionalidad cognitiva típica (sin discapacidad)	Típica	Mujer	Femenino	Heterosexual	Interés en aprender y descubrir cosas nuevas (orientación al conocimiento).	Usar esta formación para acceder a posgrados o especializaciones.	Quiero continuar con posgrados o especializaciones (estudios avanzados).	AK	Multimodal (AK)
M303	6	13	4	14	Muy baja	Baja	Muy baja	Moderada	2026/04/18 5:38:21 p. m. GMT-4	Ingeniería Geofísica	UNSA	Ingenierías y Tecnologías	Especialidad	Al inicio	Público	Sí	No	Tercio superior	Sí	No	Estudiante universitario joven (16-24 años)	16-24 años	Nivel intermedio: Manejo adecuado de información y recursos digitales	Intermedio	Local (región de Arequipa)	Zona urbana	Movilidad local (a otra provincia de la región de Arequipa)	Español	Monolingüe	Mestizo	Catolicismo	Nivel D: Ingreso familiar entre S/1,300 y S/3,000	Nivel D	Clase trabajadora	Funcionalidad física típica (sin discapacidad)	Funcionalidad cognitiva típica (sin discapacidad)	Típica	Mujer	Femenino	Heterosexual	La carrera que elegí corresponde a mis intereses o pasiones personales (orientación vocacional).	Adquirir conocimientos.	Quiero crear mi propio proyecto o empresa (emprendimiento).	VRK	Multimodal (VRK)
M304	14	16	14	16	Moderada	Moderada	Alta	Moderada	2026/04/19 1:11:39 a. m. GMT-4	Biología 	UNSA	Ciencias naturales y exactas	Pregrado (o grado universitario)	Al inicio	Privado	Sí	No	Tercio superior	No	No	Estudiante universitario joven (16-24 años)	16-24 años	Nivel intermedio: Manejo adecuado de información y recursos digitales	Intermedio	Local (región de Arequipa)	Zona urbana	Sin experiencia de movilidad	Español	Monolingüe	Mestizo	Catolicismo	Nivel B: Ingreso familiar entre S/5,000 y S/25,000	Nivel B	Clase media	Funcionalidad física típica (sin discapacidad)	Funcionalidad cognitiva típica (sin discapacidad)	Típica	Hombre	Masculino	Heterosexual	Interés en aprender y descubrir cosas nuevas (orientación al conocimiento).	Adquirir conocimientos.	Quiero continuar con posgrados o especializaciones (estudios avanzados).	VARK	Multimodal (VARK)
M305	13	14	12	15	Moderada	Baja	Moderada	Moderada	2026/04/19 10:06:08 p. m. GMT-4	Marketing	UNSA	Ciencias económicas, administrativas y empresariales	Pregrado (o grado universitario)	Al medio	Público	Sí	No	Tercio superior	No	Sí	Estudiante universitario joven (16-24 años)	16-24 años	Nivel alto: Dominio avanzado de competencias digitales	Alto	Local (región de Arequipa)	Zona urbana	Movilidad local (a otra provincia de la región de Arequipa)	Español	Multilingüe	Mestizo	Cristianismo	Nivel C: Ingreso familiar entre S/3,000 y S/5,000	Nivel C	Clase trabajadora	Funcionalidad física típica (sin discapacidad)			Mujer	Femenino	Heterosexual	La carrera que elegí corresponde a mis intereses o pasiones personales (orientación vocacional).	Recibir distinciones o premios académicos.	Quiero vivir, estudiar o trabajar en otros países (experiencia internacional).	VA	Multimodal (VA)
